{"version":29,"hash":{"type":"Buffer","data":"NUemaAVm+nXZAvY73HlfmJp/moogGXdaPXcOkgTKD8g7dFPrzXmu86B+GnSBq+Osp8Hz2n9m0tHIX4RE67qhTiFb4OkfsSihVtZPL7KEVyn8qZz97Adxc2TxmebTySYK6v2I7SCJuaGi84dK8QnbSYWCw82f+ECKbD6pU7cnaqM="},"indexValueMap":{"Cb8hHzI7DEHcx6QdijBObV0OfDEUyPJ694N2QFJxPBA=":{"valueMac":{"type":"Buffer","data":"QQNKAaPZzLzevJcMzsk+XJEi2uXTftSytbBRbgRw2Aw="}},"Cuc1q4ebiFdHk3sRYj6ngdpMIntMGZg+5EmUj6cm5r4=":{"valueMac":{"type":"Buffer","data":"up/CRmg8MROtqxHmbRAe9oBmIc79GEDJ0L3f0gHWnFs="}},"EVfhgCd2dhNTNOv35L+E38IWl2rAU4KLMzfAbw5Zq70=":{"valueMac":{"type":"Buffer","data":"x7vVG/RJeg/Kh68kOztE2fxRZw1FiHjZywVxmvOvEiA="}},"FmCVT+tWDzsA2B91M9j42H41Puf8gVjylLyurZW96lc=":{"valueMac":{"type":"Buffer","data":"0pEWjozB+a9S9aTz3/N/Im9LWPHRqU4teddfS17Kwn4="}},"F3p2nLkrHOFEKqMljsybj4qqq37fs/78Rb7axSp+uZY=":{"valueMac":{"type":"Buffer","data":"Gu8xzvXXDvy0pjocyzt1cYS7irU9r22FJIkdBKJNJ8g="}},"G3UvmXRO8TmiXNUAhEeBkdh4/H0+xONITlRTVrxcppw=":{"valueMac":{"type":"Buffer","data":"t2OK89dAcVhIvGfYtNoOZQ5pcG3FW0XoiaNZUohy5Os="}},"IeWphkL3VARR3zIhHuLKbZwpvfgHj+VAtq+SQlB3Hzc=":{"valueMac":{"type":"Buffer","data":"abY/EJtO6hGtYSoadHTHAcqdXqfeq4JlCqGxQ9djj2M="}},"Il811AZm1XT9dL/MMfkyjJafWBS/HP/UK/4hv+zIMfo=":{"valueMac":{"type":"Buffer","data":"h3xoM33zBcTRS50VRnYGSz5H3TXo1K1gdiEnwB2DcCU="}},"InCKgUf+5JA86rMrDWvrLOeT0CzLELWyZbMl4gaiXkE=":{"valueMac":{"type":"Buffer","data":"23OgsPdZBmDdfX5gNRAAKXAJXmnLPUe2/oGdE8mHNdg="}},"IyYG+SJGNW6dL7T9zqgRyqcGaqjJ8fXSWlpIF3+Kqgk=":{"valueMac":{"type":"Buffer","data":"FzquI92NHZ6DLJyI4ai7Ka9sslDgcm41g/BkXwG8ynA="}},"JHDoQs6SZN0GIqKpbUJKxy1ZnMfNFGOGi2+btmbLC90=":{"valueMac":{"type":"Buffer","data":"/kQV5aCNnTc2bVTLmga3XuCFMg6u9w1cjcITujhJwb4="}},"Rl7kpzJi+/mhPDNPSg8qxMlx2OThCQy2P4Pwi/CKojk=":{"valueMac":{"type":"Buffer","data":"23FSoJEle9GfQbAa+FhUwc//dVfi8aLDZbsSveOJNqc="}},"SB9Y0UQzZtW/kTjJjyLKPL4ZqvxtYI0ZL0cfIjCa8yE=":{"valueMac":{"type":"Buffer","data":"bPFxR8qJCh8VhZmmChOClsyB+3rUuxHZ1fjA+Vb93OU="}},"SgRbPNdt15d3c0lKsxh6Iljzdo/nTdzOuSMYri2W8yo=":{"valueMac":{"type":"Buffer","data":"9jZqglwui60gM73pKWRBMEIlf4F9tksznMiClVYkw20="}},"TUpVjSLpbsVrcb7aawtHMpCn4xO5h0p7+AOZUBGW2pI=":{"valueMac":{"type":"Buffer","data":"SWpnj1gRUNIdHwkOiadRp3zxWgRRpxRj/FAN+eYm3TY="}},"VMIjpPPGaCnzkOAMLGnVs2LojBBoxiZuhXSB7Oa4yUY=":{"valueMac":{"type":"Buffer","data":"ak4d1oCy1jTIBSD27zw3Xl/zqof/Fk4I6C1Cb86pW+o="}},"Ws+q6nGU/KG1bxtM2Z9NIKYCPVBznbiwhpptEUkIjeQ=":{"valueMac":{"type":"Buffer","data":"rO/DnZEPierutwDHAiOb2gcwBEbrO0QaaHYmTnk22y8="}},"XlFRrFubs/OHQySt1XzcAWaxoDYkfF5daQZ1fgg/EIM=":{"valueMac":{"type":"Buffer","data":"6wVClsgDO0L+Jf/FkyESRhLOkB++qFDojCUg+Jor4Sk="}},"YS1pEDVoqu/FRo0LHkBR/HMjkjH/qWbKImdFQ0CA2bM=":{"valueMac":{"type":"Buffer","data":"Q3ntO2k5A/ewyhro7cMBPcl2/xkjPl2V3H933u0b1PE="}},"YTV8ayRJFFCbFBHPDpBkoja/QyuY5iCRujPuMsEBmdY=":{"valueMac":{"type":"Buffer","data":"ShfKMw+qW6IrmxDPAI0maiHrqp+CXaVzl9p4eeEbciE="}},"Y2tF4mzTlHQO6j4hDPAh+FNWtVSsB6aW9wQTeD28/nA=":{"valueMac":{"type":"Buffer","data":"6MA+TuIjprvS6X2BXDbO6IyBCRcYXPbc07wV13LnxNM="}},"ZmS6SY711RhwL/8OvO383Sz0onqJs3SMkDWxrFd1SvM=":{"valueMac":{"type":"Buffer","data":"HCPfZSZEeUr+WrMncfDkRGCKF/5PHsKj4a+PTWPqpvk="}},"eDDbCZoNeQdXlaU3wiSzCwbgGBfNPVubQTuISHre4AU=":{"valueMac":{"type":"Buffer","data":"PZG86rHO1v9HzIU01r8LdMXOdx9mtYyiNgmDucQsiwE="}},"eMuzcQIRs1FPdJIFkaPnLOZk+RoPHVuzAhoN2HQHlMg=":{"valueMac":{"type":"Buffer","data":"03tqvRmy8KuSeAhTh6TbUpbV617a8UYQvuNrHY9PwMw="}},"eY6p2IoPPe/mzw9b6jFsK4LaBZDSZU/czNu8DHdZDow=":{"valueMac":{"type":"Buffer","data":"jVbho50aBgVjExo2UkUGo4Kpb49/T5OS3NK6bt1HctU="}},"gxEL6+5MHABnWYKFCjf8bb/JkZhZ4M9bKDYfih5bdiw=":{"valueMac":{"type":"Buffer","data":"xs/pkRDV22AAqYAxl2Yk3MiwoHEdVLHigPu8TcoGSH0="}},"g58tm5DG09h48mdnnfAC8/xxXe2twfZgrQzNN1a9zaY=":{"valueMac":{"type":"Buffer","data":"vEhHQx+uEK2hkgCkNjPXleghQi6x4W8mAgtMlLdptsc="}},"hKWtuOVo3hxvG6uWQFh1JJ3qHdHMvnfRSCgL97mENcM=":{"valueMac":{"type":"Buffer","data":"HZj0Hiz8fFzjcKPqpEINUNS0kTnelLhqEVYeAsbFNMo="}},"hmt2mMVbDhBgF5NpJDvXSSyTRmO1lAbQPjBtkIj+/us=":{"valueMac":{"type":"Buffer","data":"6tRp248bY3fKHGAVLiZ5e3AjnD/kUuiPr5ljkZmkRls="}},"iEAhAiW8Te8Vn8WO1YW+c2U0+M3TUcYKcTqMN4izBTA=":{"valueMac":{"type":"Buffer","data":"7HuPIv9ZVB8n8e+gubIaGC/5uLzjDDmEvrHQffQRHAY="}},"inG7/Y86XjYcYUnKHzkLeo8n3hqrwLIoUGGrukfuWPk=":{"valueMac":{"type":"Buffer","data":"188QRjjAsTCRZ0hD3bjpt1rFiQHDFGyACCYzqcPelPI="}},"jkFbeBDsGh8UMEBPua+gcvtb/FMeH5A/3m0Q0q6qZ9Q=":{"valueMac":{"type":"Buffer","data":"uryRNp3I9lyL3dzp/B+4aoPJhHBQA7srLCCrPEKBW2E="}},"kCEs4NugUOtemCh0NZf5E49DKgDyEVJI5OjgpuOuGbk=":{"valueMac":{"type":"Buffer","data":"Cc+FAD/FnWGijZhUgkASxtksLsCmfVWwcxs6xVqmbG4="}},"lqFtT8g6tSWkds96ficfMHL6/icnet25lylCxdbP1ms=":{"valueMac":{"type":"Buffer","data":"FL1ZVEGEbAFXkkpvjsZw3mkOBtgyBnJWjDfmOOk4B0U="}},"mcK69AwEnZ9JjsA7gLvf2hQy2VZjQ5SxkzveGfY+IBY=":{"valueMac":{"type":"Buffer","data":"9oTDFTGgdpKHT0Sm8OflFm9p7ROXxKv/PBA1WxGGldw="}},"orGApM/W5f2l+/ajyA5m8EtfPxLrmwjRYEdg2hyCHws=":{"valueMac":{"type":"Buffer","data":"O/Zs6s8WghdMccZ1pwXJScqswygWxdCLUZI1up2sNdQ="}},"otuPhxN4cxhyFyoSxDvC38yIfIVISTjZUffpDHS8G9Y=":{"valueMac":{"type":"Buffer","data":"uX55GZie388wiYFdyXUuxbXNxJBVN0bI9TNUpi//Y8E="}},"pSrJZCzChyTbzkfunLKc7mEIcvi1CJ179DdlK3CmU4c=":{"valueMac":{"type":"Buffer","data":"YSWeR6YOn9csVwgsAvX7CVX/WpokUKjh4yQA0siMNs4="}},"qsyyE6tvOhr6P/eXTaFYfICWOFM8cwnOY5fTTBI2GcI=":{"valueMac":{"type":"Buffer","data":"2FYN1Ihc7cZ18dTZBTFzVH+d2nLKpT2f2B880B2H5Ps="}},"sbWDB9bCjaPCub/9wIqGnOso+BnRswEkBaTYD8f+i+s=":{"valueMac":{"type":"Buffer","data":"gBDegE9uhZ/EEA2I3xdJlULdbYMyf7br934oHyjBELg="}},"ssgGduRiVuUlayCHAmDd5yJP+d+GCb7YOqQfmlqdS5c=":{"valueMac":{"type":"Buffer","data":"MuxP6d+ZMeG9+viLG1cDqy3suvM9KrNEjN7IsBYY0ZM="}},"vfhF5wE2NQP8Yb9dPqIsZSNFAtzZ8t2muQxP8psNPrs=":{"valueMac":{"type":"Buffer","data":"MkuATcpobsGyqX+hA49YqeIStajHYLAVeTOxd3m1XY0="}},"yEEvn0vjFjFcUP7NsOAyks0FPrtAyhZn4PJ4mxtQ0Ig=":{"valueMac":{"type":"Buffer","data":"2tGxa0xbGD21Pe8FRmzrVQ1rEsUYN8COnaDM9vM3pjk="}},"zdbQSEStoZacsjuVKBNVITiRn/g6QmWN2r89r+KNtTE=":{"valueMac":{"type":"Buffer","data":"utHHJ5hLISqyTg3FM7EY2h7DN1JR3JIrfbE5SJLRA7E="}},"1UakH3j9Awo1r0p7yZVFdAXnvjXsAgMoDpToK1JtiZo=":{"valueMac":{"type":"Buffer","data":"FqVK5YUgmVHwwK5kex2cwoofJO8mLWyHdLrtJdgBlws="}},"2KbjuiY1ZuU4YMnwtv1s24k8iA4vGXnO9yUwqy6rlIg=":{"valueMac":{"type":"Buffer","data":"IDeq7o7izQi3nEJfLpd40Nfl+Spncnq72yxYSW6Jc6E="}},"2PBhx83DXexZI7590QY1vx+J6VuF59t/rVw3vQ70mUA=":{"valueMac":{"type":"Buffer","data":"A2BJbPsTe49HHEFCt0jNkTG5KU6MbfJ/RQ6hnRLNymQ="}},"4shnxwoI5wxwMviJTxW3eyN7nNwtwT2m23/Rr+a+Nsk=":{"valueMac":{"type":"Buffer","data":"9m/K8dLD7lqEmvaTdOOjaKa9GsksIVQ9kkWu4B6QDd8="}},"42fOAW3skMZL0keZOvcXlgAjqONPDmNJcAgWLJf/PPo=":{"valueMac":{"type":"Buffer","data":"pd20OdK6M2Bg8HvYvQDOpUuZ5Qge62mOjcb1RoZiO60="}},"543P3sKo+0K4iIhw/snD1Ad7E6wVCuPw8zMlJYFJ5KQ=":{"valueMac":{"type":"Buffer","data":"Hw7KgHeozfQNMGnmih6uo5vUqZs6OXdj6BZCIXC2AKI="}},"7dck5tDKoqWeTnvhJAjK+BNPMIio8gR0qGfm9uOlKTM=":{"valueMac":{"type":"Buffer","data":"Y6PftpzRuWlOHGe9Jgyd9z5Y3YCE1YwHXJghagm+3Fs="}},"81NdtifgF5iksQPj14QcxcfGWZNqIjmPyaw5UBLyk+I=":{"valueMac":{"type":"Buffer","data":"egleP4vxxHtiVxDYthhcMvQ+oCcCCL4kAsQlyXQ/o3w="}},"90wZD08KbrugZjFeACWwh3QQ22FBe+Ll9oSip/cuTao=":{"valueMac":{"type":"Buffer","data":"ZAl/JcJkBFEmuwXzcHUqNHLjHcYyF5Fj4MLRL76E4e4="}},"+sJVETwggS5tmMf/+mujJGl7mr5e8VS23pd8wiJzcLQ=":{"valueMac":{"type":"Buffer","data":"tZNjrkGpr2HkxeNRd/8gMM3lpkU7tCnaeo/NpwHJhpg="}},"/uY6hL5kf725Vx43azPiKjPyEyQt4U4+qEttsUHLzh4=":{"valueMac":{"type":"Buffer","data":"uTapDI49kNS+QOhOFJLZX8sYXofHAnHKRDOFaaV+T/s="}},"oU6iZczSmw3qzuCOC7vUJ3SPX/tKhtxHWc20/wSp+Lo=":{"valueMac":{"type":"Buffer","data":"CdmhIHKJ+cR/ZDv7UOypM6xyprG6C0zH2ewvXmW/nSc="}},"Fz/x+v9uTUazzzPQWmWTXD0JpxTfO5uZSzq8iodD0e0=":{"valueMac":{"type":"Buffer","data":"ISVA8bAHvMQWLHokH86xjztr9wa1gwuc7sShGeGyAak="}},"yL/VnEwAJ2z0dHWybcyXeUNrRara7pAZqioGQU2U9G0=":{"valueMac":{"type":"Buffer","data":"yHm/14/2PhSD1re9yLHXB735WSH8/D2y6+pPKI37TmY="}},"BAqIz7rbS37gVGBdy85uONUIv9bpPi65KyfMSJc1EEQ=":{"valueMac":{"type":"Buffer","data":"6Mq51DckfXgOGslaucQqlYvS4auOpo8xptq1ixxipFQ="}},"HPgnGsqCROvQKMgwQ0PxW0mk7q6qZKm3aT3u/cN2eKQ=":{"valueMac":{"type":"Buffer","data":"nnj+Z/un3eyapZM7gbHSlCFJOsCQy7FWx4TOl/ribUQ="}},"5PwWnncwSwx9SPpTrThmXyo7q4f+ZO5Vk8Qqh/XqQ4o=":{"valueMac":{"type":"Buffer","data":"osCXf2yYJIAppxJTl9kPpDERG5Hy0iBkgzji4coXF+g="}},"Wr36okE/StnpCKCg/Afv3y2rg5t45z2jsflyGXM1WjY=":{"valueMac":{"type":"Buffer","data":"fh6Qzcu+o0MPgloUTZzoXPeXXf9nsnHczEzN+oaMCFU="}}}}