{"version":77,"hash":{"type":"Buffer","data":"4F9HA2m/PbvrHDNfF9PI3YLdstlRqUChJH17v1WCfn4dn8GMJ8ADPdJu7231LDDMYNEYQGg55pgnaQ7V9HyGMHOcGhrYzFSlZjwBb81tTcbu7mqaZRgG9k3cdT1EJSNkkf/DFbEOyBKdwVBg6tWj6h3Ti2QETaqeyuk7CSOBNOI="},"indexValueMap":{"Adt0TmhKXabHB5Il0fhJQObjyrn92kWvzb9c18lsHQc=":{"valueMac":{"type":"Buffer","data":"tWQCLjfizBatLhSjF5E8w9oCkBvvCmT2UeLeGdJQALQ="}},"AnZoEsGJ6uwud8/iPsCOlNzZn+yVyIY/NfBbFN64HFA=":{"valueMac":{"type":"Buffer","data":"JKoA+Ug6kQFn0sxulxJjgyzedj5d3BqaV+FPVkqjh0Q="}},"BXcYaXVHAMeI1BqfQNak48LvHJRArkWuwFg2h3SgjDQ=":{"valueMac":{"type":"Buffer","data":"uiRh+4RYaU7Uyw9bbnAAgO7jqVCSSVfnRfVe3+JlJQk="}},"BbDC0wF7r1wZOW4VyIvWUGKFGwUOaTRIca14RX282v8=":{"valueMac":{"type":"Buffer","data":"o+VWmuR71OWVn6Ezq4gTLTS31vrRYa/CK3/CabxxOnw="}},"B7tq8jqWjMBAafWa8EoDRe8UP3dbmFuLl6ltF4hhy5I=":{"valueMac":{"type":"Buffer","data":"qhsQt3t2D6lLOJrs4JYtxCK4jBewuVX2wWVlqk0ubq8="}},"CEMouUzgSMzdnPELbVAM+haZ1T2qXyfoXn5hy0kJrEc=":{"valueMac":{"type":"Buffer","data":"+25VnisM7FmT62HbLHbreiLV3X58FlC/XVBbjPjNQps="}},"CQtUHhx3ifjkWd49dq2t1uz/KFXxBSHvyZFdPk9z6cw=":{"valueMac":{"type":"Buffer","data":"vVkzdOiDQl4aa7hySDikqS8TnJ8NjI0Bm/6/m4WYRt0="}},"DRWiI//EGTxk49VLIAr5JaopHxmLCa5yMqFfVvn5qGw=":{"valueMac":{"type":"Buffer","data":"LJnmQSoScfVheyk3uBuCpr1klX1uDX0vnA9Lk4f/1Dc="}},"DxIWhWsZpKVpM5lpjCeHMWXbZCPEht0HYauzHRO/0qQ=":{"valueMac":{"type":"Buffer","data":"kmipqqAr0bx5wvi5JXB4IYKPvIRL3QCbfp4Pkopor7c="}},"D15gG5FPIt+I8LD0fXwRhEyPbTRsBax8QbTAh7xra+Y=":{"valueMac":{"type":"Buffer","data":"dCiJzF4d0RpdLdRViqv9XW7XPnLMH16QMD4nLVBnNEc="}},"EKVRhQVK0ECgjPN8upEEpGBrprU90S95X8GRZNsT/g0=":{"valueMac":{"type":"Buffer","data":"wHvKJD4L8pOKBoXKUvtnH3rsQMLewce0mUfKJe9vnmg="}},"EN9WasU9Qwdan92W/9alfBJG82TZ7OaFyBQ83fagBx4=":{"valueMac":{"type":"Buffer","data":"cCT0BCMnkDg4f7Z5APoWIezmF8FCyvTqRwaX77/ZHBw="}},"E1sW62TDCWMG/Qn1lmpPW//tU4F2qihsql39TsqmsvM=":{"valueMac":{"type":"Buffer","data":"a9aCIQHqRI4UA3uG86+qLbkyXajpa953BEb8FbDdWLE="}},"FTnFTpw+J/XQxCRlfethG7rDlSOvqE6gifopj+3GvaU=":{"valueMac":{"type":"Buffer","data":"zcYZkLDiJDcQvGmL77Qzbcp1gY4A9UCzev7Jj5KynQI="}},"GKJdF3Z4f5H+TD0agBoMgluDPIgnE+v58tJ8MgPssTQ=":{"valueMac":{"type":"Buffer","data":"9+B6er1g4K3De1961YAZrMrE4/gczGrxizanWRjFJjo="}},"HJjjD2xE0Lpl0Q78RrxVKvrE6iz1de7xMVbBvC+PVd4=":{"valueMac":{"type":"Buffer","data":"Sm9ws+sQM6k6i+K/6NcgAvyB0Qt11sgULMCTUlvMWZQ="}},"Hd0bEvA+Nmgv2AiAStn5i6U0r8w30ioOPRe7kDGxe40=":{"valueMac":{"type":"Buffer","data":"9dG0fvI1E9HNo92d1BgbMdFiBfX8mRW4Ip6JAQuTFfQ="}},"ImV/Sg+miFGEDb2vddiPHaqIMwTVC3NWziSqmWkvyO8=":{"valueMac":{"type":"Buffer","data":"0roEYAsWk69N7j6yJlSsOXWXWsw/7U3ekul4kjM2tfs="}},"JaMxMl0MTHSu7w3RAzj0lKWpHS+G6puz5EuVPkjdcx4=":{"valueMac":{"type":"Buffer","data":"fVoAvMIszsWxfu2p5xgmfw8ikmIQUtvapUZKfOpWd/c="}},"JdXOwVNErWua/KgVBCdu6YZwbHBcp1oLBTcliboeo44=":{"valueMac":{"type":"Buffer","data":"+/7AAQg8lrUdDqIqbJtAsi27lB1xDWZeP+29BBD3v8A="}},"JjFgHIFJ6ze2cv7ADuYbPrwwdJJLkC99Xyen++C8QuI=":{"valueMac":{"type":"Buffer","data":"oWxi86Z+w+DTeQBkp961ps+2GaFhCWwByYpDhEbr8hQ="}},"KAhYxv4T33bhr/eQR2eKMzzBpWqXgTvY7eJNOoXrKM0=":{"valueMac":{"type":"Buffer","data":"gE+hc/4RDvhOQ/ACKFh5DaeXrGeKr/5lkxIFYt+zyys="}},"KtqHNcbLk97e9cTuHzgyCKDb5OI07lo7vemkXALDvYk=":{"valueMac":{"type":"Buffer","data":"eAhwc+lm9P6MzKKRJYeQUN6IEFjJ2mPz78bevM1JLps="}},"KusSBSV3uNg5OwReosZaYaDw8DbeI1RUyERuU+s9Dhs=":{"valueMac":{"type":"Buffer","data":"hHm4YNNcpl0vThzUkaztHJGTT67WP9GXrGuMK7VUuWU="}},"K+kCxWIe3O2PUiBw8o/zV9FsPziY1S64wg94gWc/Kps=":{"valueMac":{"type":"Buffer","data":"x80u4dtoU/v7yrIraETkR1fcibZBCFUw9fwR5DyrWvE="}},"LusuoP11zLYc7D7ocQWRa74TNXR6jGBLVSnlLc/u2Zk=":{"valueMac":{"type":"Buffer","data":"JcPFuzUO5gOkDsHX2jILZUxdybQhpnjA+cL9EthDsiI="}},"Lvfhwh/XC8dacZBQuRz5krjlTJcDi30MCwB34JzoRek=":{"valueMac":{"type":"Buffer","data":"Cu3rhQSFEhIJ64cJLmLfyYinV9dHkhEsdMQKUeuk+vA="}},"MFEEbtjNyP9yIQKlaRIminiOPlWtkr3jySOohGmghaU=":{"valueMac":{"type":"Buffer","data":"0bl21ysaBladeT9CAxDqBVocFDlkLf9MbmvSz1FjLbo="}},"MZ5nvnLeaGvqBBMIFZYqwTLIynQxYYHksvnPiVUlZmQ=":{"valueMac":{"type":"Buffer","data":"TTXZkB8hVdr71rNc4dAxZZ+9Soo28XndB7jsCOMeo5k="}},"McR88cmWpbo2H4IM6DJnGgTcuNcJqaRpn9MQx421rOY=":{"valueMac":{"type":"Buffer","data":"I5vO7pANyskaWn425tpmbsfQ8ty9qKB06v39JgOibCg="}},"MrBidCdpV36/hyM6OUYaz5GsQTbAyHx6/MZm7cOCAx4=":{"valueMac":{"type":"Buffer","data":"LvM9rC0IoL79MSHkDyNjYXnydOGBI+R8DJM1SjKKmQQ="}},"M6iP76FP+FeLWR0tBCd5W9QLUeQmJ6FDcSYCHuvFYIo=":{"valueMac":{"type":"Buffer","data":"8kRRu+HAFRqjzFCUnawEr7/NW384FFvcQo0mLF9gAyM="}},"NAZO/6D4V5XfeBrBwJ4soLMgD1P5UkQaowhhmmeVpi8=":{"valueMac":{"type":"Buffer","data":"t+42RwZzGnn+job9367wURCL+mydqBa6Rt8LvWB9APU="}},"NcDnFdCJB155alxCVXt9gkSwnTfAj/mPkbYdspuprSw=":{"valueMac":{"type":"Buffer","data":"cS3hqRKtPxXrX/SgiFFtQrW8kQZm1VJKCErcIbBp2bE="}},"Nlrm1Lyr2mRmloskjxaAPkBFLPQBEJhX4ujPRrpI1pY=":{"valueMac":{"type":"Buffer","data":"CSgIsbSM5CLLpbCsjXLOTu03NJHhmwlRLPiFlB6HXvc="}},"N2wr5YHCh9raNDvsrGuXDldNtQ2fIP+qmAEkrUxYh3M=":{"valueMac":{"type":"Buffer","data":"rYEwp858+eaHg3Eg/RVr4l8RGLCPBuzfT/W9NnC+rSU="}},"OCcRdbXBu4hWvsLerOuIQjzIZaSI0lNQX145DnTVIpc=":{"valueMac":{"type":"Buffer","data":"SmECvUleg95cHJmENL7nCBdmxkobi4/27Uo8Osin7DI="}},"PNlmnbg9Qbmli6FVofLNfPF+g0z5euz0ssBPXztW4xE=":{"valueMac":{"type":"Buffer","data":"1OlFKjQkepR4PJYnJ2rhkz2tvrWREZnuoQpycicWSls="}},"Pezf7LmWzkDsFZki/0aRBh4YnNQzLofKsoaCcbn7kY8=":{"valueMac":{"type":"Buffer","data":"71EqH5adZ9UvhIiv9EplglmsnNdmQSjqnDms5racByA="}},"PnsWZusNRsY8qIOAscOfHfratrK3tFet4IH+oNgLplQ=":{"valueMac":{"type":"Buffer","data":"yPSO0RBRKr7mrEQDSbxD3j/JW1igL8Cdt1h73zE6AlM="}},"QscLj3745natZUEwFhUYz0h2HeKduLiGKY3NLWaU6So=":{"valueMac":{"type":"Buffer","data":"2xJLfni2RuNwpfby6/KdLe8oR+DI8ERn6fRtDdWIVGU="}},"Qx9g9zl6PjXB8r3ZNeQ+IlYgYdKP7cEvESreB5wI5dk=":{"valueMac":{"type":"Buffer","data":"tHCpRrxUoL+UltHjffHJyEKwQbtIXc6bAwcPnfvd61U="}},"Rgyp3AgpVIuQwfxKqvUU77W65kxLygOZtUlm9ueiWVg=":{"valueMac":{"type":"Buffer","data":"qxMxI3tq257be3SCX20L6e2Lmlc3u+IEZwt+LIqBUbY="}},"RkleMaoW8QE1citxQBtIna4z2aV511NZTbqhqbGvyQI=":{"valueMac":{"type":"Buffer","data":"RtT4aE7brtu8y485YANyX9Oj8KSTzx+NGVcfhk/tmVg="}},"SCY1Y/VeVIXrLAKitgi7PtVZHKFiHgYcDZCnV3vKo9c=":{"valueMac":{"type":"Buffer","data":"h6qY/U1V44eGUUBljL+2rQaYcNawMmHSV3h0bqk0si4="}},"SYGtiGe7JpI1BPjBbqTJ84lkarSOUOVIQSNmRjFC2Uo=":{"valueMac":{"type":"Buffer","data":"umA6HhlhSLxSNDLMMcIAh+0PxAEqvpzhf9Is86xhkBc="}},"Sg6A25gCR/pYFGfGCG4/X+SS9pzhrER9H9mQCZuczgw=":{"valueMac":{"type":"Buffer","data":"4KxlSxLqjcPTyDOET7ToKZuR2kNU5bTWiyt+QktGHHI="}},"SnUIul/7qvcagTEAplo5NuXz2byvlT+17eg7eqwogLU=":{"valueMac":{"type":"Buffer","data":"hNO+aAN6r4TzBqbkO9AzROvrap4eRSSa+gn7WmM1xpM="}},"TCkIOjq6FvvTF7SXBHyQkv2Vma3PaNTwY0XQFwbZrWg=":{"valueMac":{"type":"Buffer","data":"xWK6N1raPe4APs6VbYZ7eogLy6Xz9H9P+susN5OgaK8="}},"TDAgXv3fq9zvhp2jS+zs02nxLhMIAnoqjk2J9/1hrRM=":{"valueMac":{"type":"Buffer","data":"tjcLrPwJLYoibDSJs1dekO7nN+ZAW8RbTEp+MNGERkg="}},"TL2MVWYC46Myd7M454fDcRzvPaw/YCS9KXqQUlWWYFI=":{"valueMac":{"type":"Buffer","data":"MHRIbPqFnAsGrPe0x6cjdkh7Hz5V/J7s/OFl8mv4h5k="}},"UYhWUFMSU9XC2lB4PiOwpkAdbzZm2epkap41nL2G4yo=":{"valueMac":{"type":"Buffer","data":"CgZHa0CNmy0HVPloQ+bXcI8fABoK5JnEZ0z6e2/bml8="}},"Ug+4Ne7FUcfThJxL2B9sxiTBPZXIxj1ZfFHPFlYHemk=":{"valueMac":{"type":"Buffer","data":"zPEYkLLhXRq086x42ZQ37sgBacHZUYyjBgGc54KMqJE="}},"UpRvU503Hb1+yx8QXHPYZwhFhA/BbaXP31RdQN8wDew=":{"valueMac":{"type":"Buffer","data":"h/lDnuzs+74QDwJVuLvr/U/UEeltOil7A/LrsKKWkEo="}},"VCL9hxtLB4UUqkjKvccYcT50DgUAWXAOtUobO2wNlEg=":{"valueMac":{"type":"Buffer","data":"8nCfXvtA2/MJ/+vWtLE8QzmC22s1ngJQ+44wI62Nszw="}},"VLOSjoXY/jmbZ4ZjFSYUvbNI6VEEKSwdGkLD++wUjvY=":{"valueMac":{"type":"Buffer","data":"NoNpE7/0RPqx5UZ7VbsiBfCAcsg0bNuNpEalvMdo94g="}},"VoflEcVkYmL8dy9gJwjTMvne4nCx3Yk5Vla/1Yielik=":{"valueMac":{"type":"Buffer","data":"gcu0ztdk0/jPXTVgtZbyJZmcPnCuB48M4v+KHJjZbIE="}},"V2SBmR7OxaRlE4NDYcTiZO9eCmsPoynE7LY7kTC5Ye8=":{"valueMac":{"type":"Buffer","data":"4pOiy7n5bDdv8ph5JNlb0dW0JIwf5ypWBHc/PZOGLAE="}},"WFRcJGkKDwEMBZhK6lPUFlmsqu+oxdpUnqewbzJTmdE=":{"valueMac":{"type":"Buffer","data":"0CGdWUg64qGqu6rra0mow16ffxMtELcaEutNnasTK3M="}},"WpYBUXcMXZWDzoPI5NekoOjk2Bcjwig8oB2bfNJWAQg=":{"valueMac":{"type":"Buffer","data":"1BNpkmxymW9KajpPFhKGVGcnwz3InGvcIzKGiW3Py4c="}},"WyOHrV+JiK2hlpbo2WY0X3Bip+Qe3ByMXq6M4n8/NGk=":{"valueMac":{"type":"Buffer","data":"bbPPznCkORIjYXWofdMYD7fo7n6rKwuAiS2WPekyGcU="}},"W5XtL+J/em7Q2D+jqZKwgx2Euf90qb4bKmDt39pMQ5A=":{"valueMac":{"type":"Buffer","data":"4vkKaVSygEvK4VMXEftuL615tQlQU2vs78e5smAObmc="}},"W6gy1ndmLPDBI6O9pCzQUA6NW922xNNN1rqqD371D5Y=":{"valueMac":{"type":"Buffer","data":"cCCkDJTavKJHoRTWiGAadCyXsdbIFXUAFE8O2Hck4mU="}},"XC8sCHq7Qv/4sEfszeg7PNc49vaJq/RfyFUcDRGXsS4=":{"valueMac":{"type":"Buffer","data":"g3mSXWLeNgILrg92MHnHPX4xXIjgV2UtZhyCdd4K3sY="}},"XTpflSgF7eQQb7ItJAE/ICFdk1ofJo0wVV1JMgUfvUc=":{"valueMac":{"type":"Buffer","data":"3klp2NQTZFUInVAqB93pZ0uTRT4BCl23NqYjvEijvME="}},"YEIYDJySoFYFNDXBeMj6Z/Xcouvz+g5+7QVpqVkzYFo=":{"valueMac":{"type":"Buffer","data":"+98iFcyGf4yi+yRASDCF4Z+AkguQAcdYYT8hAurjdWo="}},"YZKx1iU4nEcNsmdUXlIOUeDJfv+9ggmH1bpnIsJ2Zvo=":{"valueMac":{"type":"Buffer","data":"EfFZoSgXPMrrTIXfpzZp0Jty/cwH9/zXv0/MkYdW+ac="}},"Yd9Ll6DILKdBtUauHBYBacIaYWt0EUiXNYKqE4IlnoA=":{"valueMac":{"type":"Buffer","data":"5O/KzgceOIJ7esYwvhSMJZzgpn3yX6a8W16peft9pOs="}},"Yha9n5Qt8PpSUb+B7J7DeXtFTSNThB4grY4u5k5HVN0=":{"valueMac":{"type":"Buffer","data":"FUtqO1bHNL0telIhWDUyToY1C6Nf0hSI7DBHNxLrRT4="}},"Ym1p4OjO3bxY1csvIvzjjBfDEWjDWLCCLYGb4HzoTNU=":{"valueMac":{"type":"Buffer","data":"nJllfc1T/8nBjvPRjQ6H6i6WZTit6qIm9ZIZigrQ61A="}},"ZKoDmHBLe7tqeQ7dMiYFJ71R6bkvyPXaMwD3RM7ECf0=":{"valueMac":{"type":"Buffer","data":"oPA059vxaGLUa5XeVEayr2F/yXRkmiKUS6XnAyC9AnY="}},"ZRF5nup2uV04NQOkXEszE86ZD+NU+754LOxk+79egg8=":{"valueMac":{"type":"Buffer","data":"cXu1+0gG+KQMCD7yVlDeixiL7T1INwe01Sbj1BNhqrg="}},"ZubACR6BEUVO4TcaPHQs3/Pom2oE47JdM/K2A+g5LQk=":{"valueMac":{"type":"Buffer","data":"+6A3DSuG4zY8/FaBXMA+IMQ0VoV2+CGs2cKteHvnRdo="}},"Z2J/DnR+BiRoSzGlf2oMIdva+xqRBn2yllHinaAen0E=":{"valueMac":{"type":"Buffer","data":"tq3K2W7oW1JHPVBPTJJUulJ4clnyUE7KYcETD22W6d0="}},"avo8Bk1O7UZpb7HtRQN65q0F70CLmdJk04yAqj9L/yI=":{"valueMac":{"type":"Buffer","data":"tpdCVguGxbTCBy5CGDSmgtPHjG/oA2JSkMlmvx4mwZw="}},"azup0qazIpV3wpoNai4bCVB53Z2zOihhKgG7eX6Kn48=":{"valueMac":{"type":"Buffer","data":"m42Awu76QkCahXigBQJkkPfsjfI1AaGfY98Awceyk9w="}},"a69FWpnl6b7OT83+sU4k0oNC9z6bDZuDtrOITRu3AWE=":{"valueMac":{"type":"Buffer","data":"5xb5u4gDV8ClwzalrKgO9NmnBWDQQvUA/bOP4AsHBRw="}},"a/tbEsLkDhoJKzocrtF/fq4QyaNuawJJzrMYb1/2chc=":{"valueMac":{"type":"Buffer","data":"Tp3xFAwr4OKCltDpaEhe8kgRqnf++jS4MJQGLnDYs6c="}},"bPAfl3wcnbVTuKJEHHo8MMmkQcdg5GXtFONpaiypkCY=":{"valueMac":{"type":"Buffer","data":"ZKifijJSRozIF6TB7tG4HqSINAS5HFzio4eGyQ8I7rk="}},"bPBiQ+0uCDJOFjnOUnslFpniOQWybn5dCC50zEtzqBE=":{"valueMac":{"type":"Buffer","data":"LR8qmcIBMh0IXag3IS157jDZtdhbi/xOvyviAys744s="}},"bQZzWdueZuo+3e/QTALpwzxn7foVsR8G9p+TvWy9FgI=":{"valueMac":{"type":"Buffer","data":"avpuxU5pdhuQ3JM/ptooZxMNsFzZ2fVcot8/N6V2/gk="}},"bzLfi/0hnaMs3I1hXdXzcM9CCliXrQ+J3jt7Ohu4SCA=":{"valueMac":{"type":"Buffer","data":"Z56lwpO2i78TFvuWTWAuVKQ8KEGJfJjQOp7PNh1/QAE="}},"cF5yHtzopV7KMqZDCuWsJbV+utd/Fk5MmvVnyG0gp2o=":{"valueMac":{"type":"Buffer","data":"C/kzljP2wbYv2j8KnNfkn76IP60fIWVLiZGxzxdD/Ic="}},"cKkkljUY56SnJdDDvDgciM4+upPP+xDWhArR+8v+f54=":{"valueMac":{"type":"Buffer","data":"t0wf3+VdSLAApsugpby6W04et7WG9czrowq5FUFaASg="}},"cZs62aohcXRXqN6zXhDg6VCccMcqIzDt+gfoi/BQoAk=":{"valueMac":{"type":"Buffer","data":"PKLOAKhpdYY8IHrx9026CIUHPc1mgAKbODJhETLs3Q4="}},"ceJDPaKrY/Lz8D1KNPBl1Fmm3LOrmYUZVXm8Wko4zqA=":{"valueMac":{"type":"Buffer","data":"C85Xs8LNb8IULgByimFLn5o0Emrw4mgiekZPxKjyaEI="}},"cumksiBnR4HrWun/Kjm/YtpC0exCgznKo9AmD1EWb94=":{"valueMac":{"type":"Buffer","data":"oudGBvKZ2f/GPpWELBFcgpEMFlaYvCO7hHFUinZvuFA="}},"dMlEIsTqRnuoQH8tq9Aaf0Uh4e2I3CEe9Q6bSDcpQpw=":{"valueMac":{"type":"Buffer","data":"Y1utwhzIVDA5UVtnLnJsHp96JuoB1/Vmv5I6FpQTZGU="}},"dSBFcdZox8catS1W24peabnLg7rC5UWPWQOrS69UF0U=":{"valueMac":{"type":"Buffer","data":"f3rHSPrSipFWjPskKXywZ2ZOpHvEetCx+6ggZGwz7ak="}},"db/z32pcvfDsSij6yjJl5sY8kHd5Tw+29IfwzsJg0x8=":{"valueMac":{"type":"Buffer","data":"Q95ENabLfp9SPNeqhri9ww4USxkPl5fEMwvkORUUtOo="}},"eK62aUs5knTY8NBsiBOSF8yjvzSPzVlw8cto7g+Ch1A=":{"valueMac":{"type":"Buffer","data":"30vAsd/34UWZ4RaeiAK+S9MdTRtA69Z1TRbyVkUINK0="}},"eSqCyBTkAyxJBwwAvBv4HOl9TPseoY+SPYEDf67EE9I=":{"valueMac":{"type":"Buffer","data":"aPEGxWOGwG9a4NAzVD+ZpVDBJBqK7Icu7ti7rUDDWqY="}},"eTviwFMj55eoQNcTJtAcME4HcQfXNCkNauPEluxDpQI=":{"valueMac":{"type":"Buffer","data":"zQfB1R708vnPZK371BEWOnrWKj5Rc+b4BC+OA1WHs2g="}},"ebWziVs2DymBLJXrnIDS/mgQhvRWTohtHh1Tu2DTVaY=":{"valueMac":{"type":"Buffer","data":"KGIo22S4kVTFsqSg9PW/S5c5OXrBEhnZIRPyGe5MHnM="}},"e9W6c4fgIrYG+bUpxDaVYZ4oyJj8ZaaBAC29pnl8cPI=":{"valueMac":{"type":"Buffer","data":"bvTjQeyH5ln9Umew4nKi6NsKDgOjhqR3APG1cuVfMLo="}},"fNakJxrTF/Ep0cyiSAi5lSJoQNZfPtg5oW0IwgPrtA8=":{"valueMac":{"type":"Buffer","data":"VWmgmfZu8BTKxerzwaPgCMfoQvOeYbuanWl3dWtv0Ko="}},"fsH534tKg5/T/HDU1B/+7LF2k8fXO0UdymZf44zp6Fs=":{"valueMac":{"type":"Buffer","data":"tUI8kUx4/uTR5T/5E+kYbVVvmaX0KODzdzq/hzfDP2Q="}},"fuZ5mfv3E6eHFZz2LqhoIDMaUdnojiUCId0fiQ5oYjU=":{"valueMac":{"type":"Buffer","data":"Gcy1WTlZqQO873a9TbTDiT1UOR2D5Gihf4GXhNFM0dM="}},"f3HafitJuerqCicMZJ1n+AxbH8CJinFFgppz8KUeFb4=":{"valueMac":{"type":"Buffer","data":"9jSwLAhp27fyZ1CGgTngusDJYV82Ti6Dz8AN+/2YcRQ="}},"gRc0mFxUAEabv3YWoxZCbI8Beq0F1Zdfma4wCtJZyns=":{"valueMac":{"type":"Buffer","data":"BcgWuP7Qgxh4Xf6ubEQErr33fUN4Y8poouIl3BjcGe0="}},"gjp/udAvc29R/j2I/qI9j8o9CdYdIxUwW+5fhGyKf3k=":{"valueMac":{"type":"Buffer","data":"zPBwlHVma3vHDI6Lo4vLfC0zecmg4G0VYchQDd9LdQA="}},"hFnVec5+gOhK8dmd5BT0mAHg9Sng66q0HKMO2RrWtV0=":{"valueMac":{"type":"Buffer","data":"cuwZvQe7hDP9nM+k70pKIhmNvo79LvQ983LFoiQ+CCA="}},"h1b6LB6rYUwRN8tqF4MtGsxsvq/Dkj+XlSh0YdEOa74=":{"valueMac":{"type":"Buffer","data":"BUSckjVcxMhyi25qGHIK1JwJKa7SrzsPDBUNCxkPUT8="}},"iCJ9ySX5kCSAiTbSHG4jChS5J6vc7t97d6UHPIJA570=":{"valueMac":{"type":"Buffer","data":"qDEso8tmsCAhaV0mBF96RBORFURhpqktdXVqaEY02DA="}},"iGb9V/1v/ZYgR1inBWytplbfT4EivY/sJW07jfws0YU=":{"valueMac":{"type":"Buffer","data":"2naw6GOubnQAfI1mwIsSQr4Vxaq1HRTb4/H//Sdud10="}},"iVptwqjWwJM+v+JUE46ejyFKEsASlAzH3311HirxRIw=":{"valueMac":{"type":"Buffer","data":"Jx6VShNQVo1VjcwOBMcwrw75kfZmYpt+7GgjFO7ffN4="}},"i1AkKos6i1xDM7garj0XuFRwUSx8MKQxqG2zV7J6PrE=":{"valueMac":{"type":"Buffer","data":"wAUaelSpgYmFzGRNZtHlaPX/J2agEjne2NLIUj6WKsw="}},"jFAb5kbEO2Sk8lufbIWIzc7pne4oq66ESSPC9U2uml0=":{"valueMac":{"type":"Buffer","data":"yPzwhj4u91MQoPz8vv+nCcwT3ZRu7kPvpJ6lW6oUGlc="}},"jdwtMyXCSRiMe0RcpMffUT35hO/ebO+uqQEDzt1nC9I=":{"valueMac":{"type":"Buffer","data":"UNADxO3+7aupfGCvl6iooRXTKjuGAM2MFdMFGdkkDe8="}},"jjKfHSueeEUCJ3rn3TjKmXmnQfIsjYT9SSfcVvCIPrY=":{"valueMac":{"type":"Buffer","data":"igd2vZa10GhqhHHqJXvIgV0Zum8JoN4NZt5iV9KIvhE="}},"ke3nPETxLXfJAH/wlHw2WzqomW8Ejh96TcIjI38mUAc=":{"valueMac":{"type":"Buffer","data":"G4RRjAfoLsh1nA4YWJtg2RXVZJx/KDRmQfZJrXUqs5c="}},"koO9qzJh0x561on2puY323pwJQhRzVXhs2LTeWbnEDM=":{"valueMac":{"type":"Buffer","data":"8DqmC+M5++NHZNFpuyLNLxqAe/gOn/Wf6yUNHPB1kSA="}},"k7ZTzdptAJlh8qmVhx4fGISGtTp9j4NX/N+bTpuLgHw=":{"valueMac":{"type":"Buffer","data":"+CQYLDZK5eAKSvSnDYSA1dTWB/puUjzAKy2ZoVC2kFE="}},"k/3knCEzx5tXbK8cyrTx32G+beTpzgGSUWTYqzMNajs=":{"valueMac":{"type":"Buffer","data":"YG/YMcei51d5QcH6TueWGW9QqiwVddVvhn3SeAK3EBA="}},"lBtLr2xMHF7RlscjSxhYT1dj8iwcVcVZNreTq+n3v5E=":{"valueMac":{"type":"Buffer","data":"wa6Fb6NcIDmdp4DFJQN9JJ7UrzObZSA2IFfq3idMESw="}},"lQYqEjbHFifj5mpKGA8ok5kHDhvOL1xrzZTP0sjT0KI=":{"valueMac":{"type":"Buffer","data":"FvFB9KgSwup6MFnJ2zeUOXVZH2XpxYAPXzvIEl0DWc0="}},"lX/a2IGF+OcJTql6H1wKMWnICa3gv3kDoPiHmmdSDMo=":{"valueMac":{"type":"Buffer","data":"HyNOEZZIHPFHo4dtaXP8DbFkbs4YKQMmcxzSaM8w7ts="}},"lYYg6z0vSAs0TGGifeGWREKXaf8OYp9tB2CbNidApQo=":{"valueMac":{"type":"Buffer","data":"WJHFNCClCQHHwyUsXy8TZ0jrhPhvP5FX8Awg0bRZ94M="}},"n54ol2W7j/4KpHMnNRaDbo+87cFQbt0X1TrIfpc+pdU=":{"valueMac":{"type":"Buffer","data":"eLVzCHvqBCiup2/Dr2L1j7/5O51KOqBUY/X71A9NNj8="}},"oTJ/UTsXRtRVME5h2qFo0e9Jpsgi232qBFDEEWUEoB0=":{"valueMac":{"type":"Buffer","data":"HtXJ7qLqrdYVAQWdMoaXGApnxZBqx8NkgafF67h1nAo="}},"odaO1xLpLiOxt/DMNUbalWQrk1mgzBzx18IC6wel9EM=":{"valueMac":{"type":"Buffer","data":"ssdXflHfhmmJXVhAcalbvp+pPBb4qTxImIPLSCr4/Ho="}},"o/tQg04R11uO+qKIv21V3PCgKX01HEKQ+6l+jmcAM1Q=":{"valueMac":{"type":"Buffer","data":"EYrdUY+FB8DnvTDE/bTrKcayr00rRqEofrHzZd+a/bk="}},"pB54XpT+dPvgkKbkXJMb2Ne6rj3Jtc4nUKF3I8Ai+v0=":{"valueMac":{"type":"Buffer","data":"RR0jiWoVcx+nQvkmKGZFxAoTnNuZgtdwew9/YoZDYc4="}},"pHJOA2LrIgR3K8gviWkQX+mtS/Uein0JbbAgMJTvp7M=":{"valueMac":{"type":"Buffer","data":"QXpPcVgqhIWBPwRxaB6ygh81yUqzw3WTOvTsgixLui4="}},"pVt2bCAs3Mo1oYPmQAEQm6SJ8wmmWgYh2/0G8Q/lFc8=":{"valueMac":{"type":"Buffer","data":"yF/fSr4tUqUnabCdqJWprjdfPh+4VJQbMIGE7Hf6bIo="}},"puBEYbrokLhhK4heBIPvpf6JG1K6eP5t4RsCLKbUopU=":{"valueMac":{"type":"Buffer","data":"bt6/wMYaK3S//jNtXlM+j5BTsJ1BZEU36/aKzb1vRYs="}},"p8w5pHqBzeI73X4tqRTf1m5mjCeS4brKfa/kRkgKBM4=":{"valueMac":{"type":"Buffer","data":"CgFNFVqrRyYYUlGcMNKj7exMsOdDdOs4fONqD2OHd3U="}},"qCDb/4DxQ9ZBzJnEf9qZ4h+yEWpBOn/nc6j+qTgiZ0o=":{"valueMac":{"type":"Buffer","data":"cLW8gp6dN/NZRodoPfuzxVgxPalz/lJ00gBWm9aoQt8="}},"rQIdyy2U0OGXOXv8FpBY+GNF7eqopOagicJmcKrpVqE=":{"valueMac":{"type":"Buffer","data":"BVyFw7qZ6fxrpE/KV7ckliHf9Tb6AgWr6HP8ZY/o2AM="}},"rSqJh7R47nAhFsQQquOmtTyoCA6fKMpJjFcZnTDu744=":{"valueMac":{"type":"Buffer","data":"G+SQ6NddA9HP6m+Vkl+jlIJoRsBhZJi+1DiXsVhjS4M="}},"r7qoBypR2Tm789NZ87LIPpmueWf8Met/D+Eg1SL4kyo=":{"valueMac":{"type":"Buffer","data":"eunrtbOgZhBoJhBfVK3W3FblBnHKELnOP5uu6w4ne/A="}},"r+QbHnNTgt5XvfjKLN1a7qK3NCK45bGlfw8Ueaj4rlQ=":{"valueMac":{"type":"Buffer","data":"PGCUUxISaguyEL83+BhmDYR2CCOUgx+k2QWF9g7xly4="}},"sTRrDuFvFipAIpzMXw13aIiDKjbxa6LfRgNhQWr3ms4=":{"valueMac":{"type":"Buffer","data":"85zyQz5JE+iWvs0QpcHekqgY2Sz+SqEdUAQ06B9ZITI="}},"snWUSp2eVarkNYYbHeVZwrc/grmpZ88ohurQ5elA8tY=":{"valueMac":{"type":"Buffer","data":"+QtOvUcH5s3nlicO72ghGQiT50/PAt+fyZZTbAuKPWs="}},"s2el1eYzcr7SPg1xVwovycv/7J0QovVph/z7fJXzDr0=":{"valueMac":{"type":"Buffer","data":"GPf39oy57K0RE8eWkS3eLg6VGr4+uBRju/DlUm2EfAM="}},"s9XKPbXv9FNGDlIxnOPTclWmB2A+vZxg355emvlzJ5k=":{"valueMac":{"type":"Buffer","data":"V7p5RY/hdyY83GNqTYfjGdaIfZAA9m5s4eOcPZYQXhU="}},"tNWSbKT/CZqBdg0BJdmQIYGpqeP6QKPE5/7OwLFBgLo=":{"valueMac":{"type":"Buffer","data":"tYKoeaak5x/2G6XnYwXukjHm+JkY6eGvpX9xj20UGiA="}},"tZcAnoC1wSupLjqa4eql5p7Dy+jnzcATrDGTJtZAbmo=":{"valueMac":{"type":"Buffer","data":"PenPl+jKSN9b2t53/FpVHKdGnek0kDSydiIfBj+P01w="}},"tvpKw4TAuMQUYPe/btrqyfh9FBVCWsPRs8uUAyuA62M=":{"valueMac":{"type":"Buffer","data":"N9VCEKbKauYDw3YC1isgeyDXygT2Mw0FcjIy3AkSozc="}},"uCfg0mfK3qqqjEDQ1H4QrrFmxWlBk2U+zpFUBZziOLY=":{"valueMac":{"type":"Buffer","data":"g8RhRHPTP0JMr/rsd3rMh4g/B1h/s3zFmwk+t6o++YE="}},"uHX7TLpEmRurAp7sqcDhSrLOzxya7ZZUGiLj02DkzK8=":{"valueMac":{"type":"Buffer","data":"nKzNKQzm7QQYnXFlNdjxUTTeghQP+ShwcEF7Ocu09c4="}},"uPhZhamij4tCbGIOc+zaSDAt33WnCwv7huyJebt+9+c=":{"valueMac":{"type":"Buffer","data":"vvbfOvqV6tnEfHSsJsBKJNekD7sFZGoP6x5uIEHsQaE="}},"uh3BxJ2m8kn098Lf1ruKL05nQYmPMNn+vSAk8QK69Ss=":{"valueMac":{"type":"Buffer","data":"9wFjdHUj7D1Jq82pFMfRngWC/Dg32fI8LalkUhEKOhk="}},"vNhzxgfSstblL81JRQdyfG2XY+cbfvU+b+yO5F/dYNI=":{"valueMac":{"type":"Buffer","data":"ltx5wkBM8aNAznlwi7sN7OvrVh9UDRtJVXWgbd0rFcM="}},"vTVvJMvDMWwfFwIdUVP5lkpYdwDSX1ChD+nFo3IQ78c=":{"valueMac":{"type":"Buffer","data":"Rm7fSZLlK6GNzruXLcOFSwY9qeI7noHnZ6HPHbz5gws="}},"vZO6f0OVZlBZiGhUDd9/6yDvg/ekKfTqI6FWpwsNtOk=":{"valueMac":{"type":"Buffer","data":"hgkFN7g/jtKKbVQ5ccXEUTa4AoseBuKr7oXJTuRATaU="}},"vZxOSU89arTGntJn9aSukbJZx4FNfDWTdd4zOZQYBa0=":{"valueMac":{"type":"Buffer","data":"uI7nYgvnLBVY5Xyjf6Ijo2FNci3Ywzx3AdiYhI+6cDg="}},"wWoTV9Kz8ketOEbddGMFJJNj1cvqtEWnR4Yc9lBOpHc=":{"valueMac":{"type":"Buffer","data":"yN6ojMUAnpd9B4CzXshuTkW7DWcGMQhdIxHfmt4waMQ="}},"wxy4GPNcvdud2DW8J74kY7bW60NKPoEFlYEzsQPDtfE=":{"valueMac":{"type":"Buffer","data":"I4LcvtXeaDGtAessbxoWKb2BNjLws95ihhXhGdecQKE="}},"w+QRHstwitTONQ+xaAk/5ucMARdHQCbUymramOkexS0=":{"valueMac":{"type":"Buffer","data":"7dKGjqhl1J+eAteFaiouXbqR2YOItVuCzmtkRUatNp0="}},"xHLuDkrbGfyvHMmbx6cRh+sKxjnYGSEwrmV4Zqsc7Pc=":{"valueMac":{"type":"Buffer","data":"NNrI+aSurEhaztYguAMgyKo7bZ8Xd03c8qm1qvtUZfk="}},"xo/k1uYrczxejq4STMH4U77/r8a17umr1V/dsHRAUNg=":{"valueMac":{"type":"Buffer","data":"4YQwX04KvmjUjgiC6WFVsTAz8t7UFo32sXQU2vc6AVA="}},"x0nWb+JhD2HVIZr6NcpwSIk/22c1sZmQb+ODGkt/I8k=":{"valueMac":{"type":"Buffer","data":"hFeh/sBz1v8GJZ7Nz+xeX577dSzDoz4Db4dhqIM8c5A="}},"yETljcSZ/9Rap7SbETtKJF5C5wPNc4JUtumebkTaE9I=":{"valueMac":{"type":"Buffer","data":"IlgJc7MsOs6qZR4XoS20SaRZLGeTx/AJ+FWj1J752rM="}},"yQb1h9ss0cVJiIgI3DKIftqdtkuPRdhzCBngiaOPLjk=":{"valueMac":{"type":"Buffer","data":"KYPoRrK5RtJotzlBpP6l4epF10/rdKo8FmjofnhJg0w="}},"y0fs36v7OAxZa6OIMszwha8Znx5j5MSEzGGuDoONDOs=":{"valueMac":{"type":"Buffer","data":"jXS5mOo20k4fh2WLtWM5UYD0jhySPuriTOdB/B8Z6jw="}},"y5deQyR2CRNs4almvX9zcFb5N1wpoOnOLftPr+A6MVY=":{"valueMac":{"type":"Buffer","data":"0ntFEKqT9j7Gg+3/IGIiK8iXwKKEf4s6IiQcIhNemcY="}},"zG0u/XT4GTlqD8bQFrg+izdjNkBki+OEppnRJTvhpYM=":{"valueMac":{"type":"Buffer","data":"2nznI+c/mHKC8diZPYq0KowSK0BFDxKTOMVKzeIut8E="}},"zTMCB88ti3p/YmtSPWSP6Inub/WGi4f8aIA1WWYI74M=":{"valueMac":{"type":"Buffer","data":"D7UoNGWXQTuID3bPznnM/Ur3+j6ZTO319C94ALORrqE="}},"zhsDSpBB06as+tWwajiNvDKAhEchAgqW82SKjASiam8=":{"valueMac":{"type":"Buffer","data":"H/ojJDcc9p1ikoK/9ul99H1ytLIxG1/4xJR9ulRjPt4="}},"zmGySiQZLQKTNTu8LqV4Nqu6JCO08GEihm8iXRbofwk=":{"valueMac":{"type":"Buffer","data":"1W/mdR61itd5lwjug4H4yP0PQ0NSpQM0Y++IAAkTdmo="}},"z+3Nu+UFhBbecO9gn5C4x1fl6dAoP0c+Dye2s8COUA8=":{"valueMac":{"type":"Buffer","data":"a+6cWBSUXUDCBgbHAWo3m3cjgXSwKtM9Zn1Klehzbi0="}},"0AZs19+VHR4wR2jeOdG5sl8zITPbIRpmR6TqgpQIXmM=":{"valueMac":{"type":"Buffer","data":"dgZcNQNc25IMKcnHH16gCxkUQoq7cIPwDcVdwI0QIRA="}},"1OUKdg37NC32vcm5oIU/oLRx/XB57X0EagTIiWQhi30=":{"valueMac":{"type":"Buffer","data":"wKdnhtDckJh8R/O6wN9n89Kb4xa8bcT8ONiZ6YdiLRo="}},"1Z1avul2l4veUu4JlxVG+5o/kRePfi93BJo90WxRiOE=":{"valueMac":{"type":"Buffer","data":"rpUFLyMZnyEy1dHgFyBgjtNwAi9KrBbHfYUnOoOr+zE="}},"2D8sORMT/QXawd0I8rcmd8Rh6HvksvZU4APAW5Z/96s=":{"valueMac":{"type":"Buffer","data":"G6g2AfZgpFRXrEKL+zLmG6XeJTcKkKlZiV0hgvoituA="}},"2FULY/DdMO8bkIjj8XT//L1w/SRR3OIpW0ZYkWXznMM=":{"valueMac":{"type":"Buffer","data":"ZYYmmyHAdW0QwD4wAp8ffG7zj6zABkr8UX28BFOiMRg="}},"2YDINmXSvcmL1ENkIZidxKFpq45kwTZ7mxn8EmCdAuw=":{"valueMac":{"type":"Buffer","data":"Z/3XUZ/XshA+6OTPVap4u/wPs+Q/DDhrnlI8Fch1hqg="}},"3X9uhbOSlUejAoKZhsOl1pVzgaJJqf4XdK0M8ldkrug=":{"valueMac":{"type":"Buffer","data":"S/N3/D9Yx9L8YE9lWfvSSGhO5cXbRUAAqwhqpAR+GwM="}},"3xoibVewY5hNq8MUQK4tMj+8iDpV9uhzGsMNzG2DOZk=":{"valueMac":{"type":"Buffer","data":"rdPSIuRK7VkHjRMKR2/TUBzINl38huM2j4zOW3FONVg="}},"36sGH98gcURJRqRGYF5RcYjRTxvRzBwQQjS3clmHxME=":{"valueMac":{"type":"Buffer","data":"HYqwLKxT6DRbJYB9PT782Oz4cEZUykuJq+1n38Bot3k="}},"37qNDcr4dnkgPYsGQx1wdG0tNfEgPmuo39af/NMSyVs=":{"valueMac":{"type":"Buffer","data":"g5vTr/xExciqq7ZJNMKKtsxoTBaDMiDOEKmh/d0JmVE="}},"5BBPrhYquxLAlsz8V76pRo5s/CN6oe+jiuUilGYcKvQ=":{"valueMac":{"type":"Buffer","data":"h1dElguCPC5wUgtg1bnpZhhQsi9/DmLhPrvhvToEk2k="}},"5QktdSxXvWNi3qY70e65Xk+j2NXr+/IQeQ+UBgbPQXg=":{"valueMac":{"type":"Buffer","data":"Slx7aTawiGBeoGUDJ6ty8RlZgL2KL8O4/70EJXBmvAQ="}},"5Y7ApZCiXhdd6V1/sX3UPpKUMLEY/jMlkzPNDTxzXH0=":{"valueMac":{"type":"Buffer","data":"jZ/ttR5WbnYBw0pIlrg2oQFLRCPLsauXWLBIwHzfmII="}},"5el174WNBgxiZ+VOBmP+HiQU+aZV/Iexct7eteiIjuU=":{"valueMac":{"type":"Buffer","data":"u/51hZOO7qtlpqCbL8+KnbYSbrHOlhyUeeebL8Bs6HY="}},"5n3SoPPKzD9F9I1kjFupmonog341CXhwp++pyXPfgqk=":{"valueMac":{"type":"Buffer","data":"Nq+LBq6pvVvpPNyDbAuUphAPdT3/budU6oB+/RS18fk="}},"55SeG15f+NEQLSm0lg/Wkj2xt/+QSvxn5fqpzBPyqo4=":{"valueMac":{"type":"Buffer","data":"TSnLkiBg7LUkRWCaWnU7yFaUnpKHY+DvAMH0rQ/V+8I="}},"6LI5An7IeXmkicfUu8VmylrxceVr3PUu5H9vVoW1t5A=":{"valueMac":{"type":"Buffer","data":"f6EQHHwCFWsJvtXjYzdthm1FCt4NazRm/Zo8NSGhuno="}},"6629BSOmG4T5PUk7M38sczqQ/O4AD5XKq/SGefFD8rE=":{"valueMac":{"type":"Buffer","data":"UYJpXILGgNWwWwIrs5/DzE53BuSL9JQG/wiBUx2W71Q="}},"7JMI43mEj/sFfJj6OOdw/hoZvujEtvhIbA3Srj8L6vs=":{"valueMac":{"type":"Buffer","data":"y3IhjLg155BnkNhtpedPigmgksks3sdk0YRYt46nLMY="}},"7OMbgjqO1mwmfjeTZEPcnT0XMBIK8VJNgBqb+nf1d88=":{"valueMac":{"type":"Buffer","data":"JFa/DEl0Imzf/j2NNyhe9zTzemrnOntM/cyxxKMvWwE="}},"7QSU+FT1zjH2FQM13nP6IOYi0c49ejAojFYdUpb2Jzw=":{"valueMac":{"type":"Buffer","data":"bmAcI0zeAYSi0MKbdJ5nforMZKZvW/CP6h+7PQ/9X2c="}},"7iL1EuPltVXIJdQd7PUgMhAW2CMNPzgkjRsFumlrcbs=":{"valueMac":{"type":"Buffer","data":"lHg1s06BEcAnF18xvyxvY0rgsvKl4iDNR2WHdnTKNvE="}},"7/61IE2wGsOJOuLTIWwaCx9OWigxutqxeYBm//W0y9c=":{"valueMac":{"type":"Buffer","data":"uj3vIWKwI+gmi7cnle4OM+DtF9MurIvR22a1M+z0mOQ="}},"9jrxekBg0jZ6XF6UmRBN/1tTfOXBq21m9fcog73DV8Q=":{"valueMac":{"type":"Buffer","data":"QnxcXPtGjEF9pe2LmIZqrtdDm/BZuy8WUDiy2rAOCy0="}},"9kn88Hvctoyo7Bd1wqGSF2OMv9fQjmrutj5Ld8gKzzo=":{"valueMac":{"type":"Buffer","data":"9Pn98JYBi26VgTlbz+buSU8oPZhXARD++jzKR0up4iQ="}},"9mnSprVGJpLBWGaG+RM4p7uYxAJiGEdmup/GqvalGP0=":{"valueMac":{"type":"Buffer","data":"rhDlBN76PNyYhYJi6rbX9J5UhpaRMbYIaVYY9bEyfeM="}},"9vDMbF+5gBPtFekrqTnWZa21xCR1gUfqDQwKruyNbD8=":{"valueMac":{"type":"Buffer","data":"XVPpzTVYIbb2Se5v5a5Xj95N5PI379p59OPYVmZef9g="}},"9zIwNh1etduJL3ykUwkHVpobRgZe/p3BH+A+Tdl1TTM=":{"valueMac":{"type":"Buffer","data":"IErK9WlICXjUS7r6xc1KdDTXXM2tAjjoBKFxVzLuckI="}},"+DhJVZrNR34hvPis0ffbk0XfOwkQ0b5DMdGhpGShCGA=":{"valueMac":{"type":"Buffer","data":"LO84HfoImLkx051LdU7sXVpVS3jgXxh6fsN6kRfJ0XA="}},"+tFEazmWT0k9tTG1Dwjy2dhP6UH652RB8OQn1jecEkc=":{"valueMac":{"type":"Buffer","data":"XDQiLd53SPitDuO5USfp2W8/NnnOr8u6+VDXmMWtG00="}},"+tPMB6PuIc24UzMvoDkMahiBHURcSjJN+QkiP08gMwc=":{"valueMac":{"type":"Buffer","data":"tC3IdcHptEMYrw5cYpZkiG812PFZ06rxliqtWBhOLxI="}},"+vH2taKBbfVEufdgmot8cyPoexMBX31nrmfKwE60k7o=":{"valueMac":{"type":"Buffer","data":"oDn9IayL56XLAlPU+ZN4K4UJYjXEILPUyCQvzCqxnvk="}},"/I4yUFCSlLLdWubLXqV/gV0hnR028IywAOlf+niIFoI=":{"valueMac":{"type":"Buffer","data":"EGCc4jmY0eK4BUM7TphOL66J4w1mGm5PsxnLH2BRMhY="}},"/JS+0E/mF+EI2jnbw9g7VdwHUDbJAl9v97/KfOvZAvY=":{"valueMac":{"type":"Buffer","data":"U23DQMM8zHqOCYIPdgqi4/Y0pmCspvi3wN0kV+gDzpU="}},"/fdhoKpY1a7tTM/p2Q+h15AZF2te0dzCzPjznNl2qI0=":{"valueMac":{"type":"Buffer","data":"1PcsrHr1JKu1xWYrel94tACAbq6tvl4RIC90T1hwuWQ="}},"/kEFon6mYeylOojMRytdHPW9LpJExpSNUcK874EVc6w=":{"valueMac":{"type":"Buffer","data":"vPZnH9+kA6GrJOsAYMkGjY0+S869x0Pj4MWOxYRG22E="}},"8TG0S6spUL8gXmO8FLxbOLTAFpJjHw/jcklXDSWxL0k=":{"valueMac":{"type":"Buffer","data":"qifcKdy6QOZ/Q4qFO9p/sWi+wxGUd83ckHkebtv6hBs="}},"IqSRQBgCrgE0izrmplKDxM4qmuPn+qOE5MYc65gRzNA=":{"valueMac":{"type":"Buffer","data":"b1ZhTbuscBIRlEHXDkYSVbaY4CH4+EZBTKQr6cIJo14="}},"7p9EFzE0PJ4sY3gU5Ppyma8Ba6uXVqECz1ZM98B+tbs=":{"valueMac":{"type":"Buffer","data":"OsRi+258Fs0/zW4AczDhF2i9j64RhJowrjilruqSwc4="}},"JAWjwTZqofcWLwqLzPqAVs2/feQu5CS7SvVZpkJ7eHE=":{"valueMac":{"type":"Buffer","data":"NqeEZc2lBUniXvsclngGKjxlhkxhY9MBxeOSjk0ENzc="}},"HAKbvo3R8AY9h8cBbEA1pnp2i5brgGfku3Vg6TSf3YI=":{"valueMac":{"type":"Buffer","data":"qUdOQizeI9SDWkpB6TDTbuC/NKSQ2IMEUTo/N8YnIDo="}},"WPQ2CIs19TaEhJ3pL4rSi93u1CZfuQW+dUg4q8xPNrw=":{"valueMac":{"type":"Buffer","data":"0/JcER/5w0Uvs5g0TJqGqcLAWvWf06OC305aIoHjAic="}},"t1gkx6DhhvxsaXEyEwjikIFwpC65jasB4tm6FvEiRP8=":{"valueMac":{"type":"Buffer","data":"pyPYo1iPtOjDcwyHZT9/SRrmcKIJ9u9K+Tcta8vljU8="}},"ObSIuZKdKPo4rmXAsEplIYyN2xVZ2BFmk84fmQB70HY=":{"valueMac":{"type":"Buffer","data":"3FhRwO2ijEKybRv9KMpJFDercCXR+wIAE/bMPzHjD+w="}},"jV6PxHgTGOYGs+KF7qQnq7Y2gccWHujRTkqPYKTMZIk=":{"valueMac":{"type":"Buffer","data":"RuRZqfNOu9gP2qNPA9illwDLu8e1D/Nbpq3NeysUsIA="}},"udyvNvSkU5Koar60iJjPtROMMAupiIOpPaSeLX1wc7E=":{"valueMac":{"type":"Buffer","data":"QC4sgxpMSsOHaW14aiawIlyQUeP2fAtvkdYPCjVlxFA="}},"3kZ6f2ZLBGP+ad4jqbumdzduQru8CFBneG/i+F+IjPs=":{"valueMac":{"type":"Buffer","data":"6KdbHHKgevXS7Mqdk1a3q9cHRWyJshTRJN1i3jYDdu4="}},"w12GqFKJKuwEAyul4PCPe/2DDZP3Eo+tP4YT4wgmlPM=":{"valueMac":{"type":"Buffer","data":"z0XfoZ6XwW26fE9QREzEmhc/B0AI5mM3hNiWnPJsBDY="}},"ML6HW0J8JvWzZHrfsnI9pvItYU7pC5GyptVpZHauRqA=":{"valueMac":{"type":"Buffer","data":"nxDlTYHuvQZ6Al3FFyJBiQHbAJpuXqeNND3uqmF03+M="}},"ch/pHjUP2WL5phZ/qB+dYdSKzUfjd3gPvcno7Lr8BCc=":{"valueMac":{"type":"Buffer","data":"DW185z5f1iRxFHOGH51KeM9PnoFdKVZhVMZSjW9Zd1I="}},"yynPwo48nx8ELyQso2cPi8J3yQoiENjDKlAp5macb0E=":{"valueMac":{"type":"Buffer","data":"wPkuSQBp4rriZoWKFaFnitM+/PrXb3Zmiol2swQm0ro="}},"UFVvUdf0eww5o/mZtUz2geEHIqwzsFL1EYHCeOK+6C8=":{"valueMac":{"type":"Buffer","data":"cmiD1O2Ee5zn1pnbwS15BHtRMD/3qL93VC1pt26z63U="}},"WmjqcU3egceQdRjWDb13iPrwfTvZdMMdj+UKPHKMN2k=":{"valueMac":{"type":"Buffer","data":"PCMK/1uSLig9WsjaAB7HTm905H4FACLAp58ebR4uU7s="}},"Hn47oBOTMaT81lAdWl1YjjzJkFA/Hbv7jR4anUmqK5Q=":{"valueMac":{"type":"Buffer","data":"OiU4UhFT/H7rGwJ0dHwmJ7o5c+m+auYDBRayPsIbaWY="}},"SDGBlSD11B77BnxldXa0LPw10ovOnAmLjL+BjqFyzfc=":{"valueMac":{"type":"Buffer","data":"gXMl3Ps6B/jjkqb30/chNVnFRJx5Ov8ad9kcw+QmI/I="}}}}