{"noiseKey":{"private":{"type":"Buffer","data":"6Aod6kVp2V8yXYgOeFexlTEAYzU07nN2OToJr/GdRW4="},"public":{"type":"Buffer","data":"RcaJnD6Zo+3geavgQ2Kss0qXIpspoDgFHyAtkDlR5xM="}},"pairingEphemeralKeyPair":{"private":{"type":"Buffer","data":"eNbpkwJ+DkPWaoKIrN05cvkkpnncIgzo41z0JIopxWc="},"public":{"type":"Buffer","data":"bqHmRPaPVgsHY+EqB/05VR6jnm6mehdgAcXUyxtomSE="}},"signedIdentityKey":{"private":{"type":"Buffer","data":"cIAGwKDJ+lwkuxn653HDj50UMZhWyeBghNInEOsESm4="},"public":{"type":"Buffer","data":"csZwjaPwz82VD1e0GBU3rN8tYZAZ5JOicTtxc1GFZiQ="}},"signedPreKey":{"keyPair":{"private":{"type":"Buffer","data":"sK5vFONj5vShj9a2Rj0+HzNoRoRRnR9ko6vGZRDNgUg="},"public":{"type":"Buffer","data":"ca6J6slo1tJqYtGR9DsUmlo9iI7vgUA+AcGhuneZKSo="}},"signature":{"type":"Buffer","data":"f0G5h7+5JLdb4d2jdt2dqStP+7b0PGBaTTIJM2jzsVBRaa8h82jRRX9f3PYiLMELQaFba4g5NEhoqU/j8Q/pAQ=="},"keyId":1},"registrationId":8,"advSecretKey":"xsM+KeG5VfA7s/igcOvbBiadqBJnxAqdFs0AIbvhWOw=","processedHistoryMessages":[{"key":{"remoteJid":"923217748892@s.whatsapp.net","fromMe":true,"id":"AC35936E3DAF36EDB477B06C70F1E8E6"},"messageTimestamp":1755950462},{"key":{"remoteJid":"923217748892@s.whatsapp.net","fromMe":true,"id":"ACA0888904ED3F4EB23560E4E43BE66C"},"messageTimestamp":1755950463},{"key":{"remoteJid":"923217748892@s.whatsapp.net","fromMe":true,"id":"AC412F96832C92F56DEF650236064DF4"},"messageTimestamp":1755950475},{"key":{"remoteJid":"923217748892@s.whatsapp.net","fromMe":true,"id":"ACE8809A45A8473F3F8EC3FAA118909D"},"messageTimestamp":1755950482}],"nextPreKeyId":249,"firstUnuploadedPreKeyId":249,"accountSyncCounter":1,"accountSettings":{"unarchiveChats":false},"registered":false,"account":{"details":"CKS7zdIHEPDapsUGGAogACgA","accountSignatureKey":"V0Xd41sFiwEq/NyFhhpE4eshSfyIsMIVBaAV5GyNQgM=","accountSignature":"CJboU50bS+mttdRi5drInAstvLJXKrnfuQo3H5fdgqT835uhwwWaUHTW/Su9CtNq3TwKP0P0p8nY4dBu37qyAg==","deviceSignature":"UaA9wtkmkvvkt6ckLzony/qURk5FOVoOOm5AD6YZvadIy2rnV8KJD2jHNzUBFNkeJbxhKHXYGDvjlO91xd4wBg=="},"me":{"id":"923217748892:97@s.whatsapp.net","lid":"29557981769739:97@lid","name":"Muhammad Naeem"},"signalIdentities":[{"identifier":{"name":"923217748892:97@s.whatsapp.net","deviceId":0},"identifierKey":{"type":"Buffer","data":"BVdF3eNbBYsBKvzchYYaROHrIUn8iLDCFQWgFeRsjUID"}}],"platform":"android","routingInfo":{"type":"Buffer","data":"CBIIDQ=="},"lastAccountSyncTimestamp":1756105289,"lastPropHash":"1K4hH4","myAppStateKeyId":"AAAAAGAY"}