[{"senderKeyId":422009608,"senderChainKey":{"iteration":5,"seed":"//6Sk4jh6uSKGVGN+DJjYCM2z7VO74CeTc7EyWKIX8E="},"senderSigningKey":{"public":"BfKzvm/rqOXqiDgRFjJ/vmAvtR7pQW7fonHVqT4/DHd3"},"senderMessageKeys":[{},{}]},{"senderKeyId":422009608,"senderChainKey":{"iteration":2,"seed":"BDP9uHjn/QBn3to3/I0cIabwMzPs+EFFeb1tGuCAybk="},"senderSigningKey":{"public":"BfKzvm/rqOXqiDgRFjJ/vmAvtR7pQW7fonHVqT4/DHd3"},"senderMessageKeys":[]},{"senderKeyId":1916025387,"senderChainKey":{"iteration":1,"seed":"eLQ6lZ1XmyUd0pcXCOrZOnCjEPwofqa+GqVv9Sb0Ph4="},"senderSigningKey":{"public":"BXA2NOJOwc9pw7Pf9uSw0u1kpshbN51JKNYDhXGmor19"},"senderMessageKeys":[]},{"senderKeyId":2046913207,"senderChainKey":{"iteration":1,"seed":"E+L4hPPwRVoSf34P2UOizuP+QJ6VAQaUoapT8mYAfxs="},"senderSigningKey":{"public":"BfnRJI16+3R2lQ7vminEd59Si5DAfLbFK+gmlu5ecEQG"},"senderMessageKeys":[]},{"senderKeyId":628639163,"senderChainKey":{"iteration":1,"seed":"BFib7Hic3/Zn9gkAftsTdvVdDgK4UW736vX1MZFJ5NY="},"senderSigningKey":{"public":"BQYtsVGz+6G97guHdNhe1E4bvKHLyvI+wEctNFohYJF1"},"senderMessageKeys":[]}]