[{"senderKeyId":982392032,"senderChainKey":{"iteration":0,"seed":"8/AyRJqTz0ifPpBJg4kC6hoBOF+e00F8fudxeJ/SpJc="},"senderSigningKey":{"public":"BZt7Tx6bUyfeVmUN9r3coY0lMeBKMyjVFdyFDJGy6CtX"},"senderMessageKeys":[]},{"senderKeyId":1536760551,"senderChainKey":{"iteration":1,"seed":"Ela1GnbqmunRvztuK2JViCWdxzUIzpW9tDIMX/Q3w4A="},"senderSigningKey":{"public":"BdIBf3T+d7sfXFCYCIiGq5hQhoR3OPHCsM4gHhlNbDEh"},"senderMessageKeys":[]},{"senderKeyId":849372613,"senderChainKey":{"iteration":2,"seed":"G1MyFOFKPW/XRjSbRVc86FL2ofyfcaP+of2yd24/UIs="},"senderSigningKey":{"public":"BZZzxHqj8LmSnSgaXYXFD+ZQ15vFXiAwCzbdYbD2qc9A"},"senderMessageKeys":[]},{"senderKeyId":849372613,"senderChainKey":{"iteration":1,"seed":"zGopvYP5vn+/8vxBhMTdy71VC7qZdkzahySRV//f0JM="},"senderSigningKey":{"public":"BZZzxHqj8LmSnSgaXYXFD+ZQ15vFXiAwCzbdYbD2qc9A"},"senderMessageKeys":[]},{"senderKeyId":16367510,"senderChainKey":{"iteration":1,"seed":"Tlb5pGoXDIHLmofwZAjrPt4BXHZGdTZVlM23Zf1gXTc="},"senderSigningKey":{"public":"BdPPXbmWcrWTK1qZPlEfoieGB3OIr7pXfUMAmtLgBWkr"},"senderMessageKeys":[]}]