[{"senderKeyId":1683555374,"senderChainKey":{"iteration":0,"seed":"+9/R/vQ6WVuQVg8BFa0iGRj+ieeHI+nnLfX8VF6KkJ8="},"senderSigningKey":{"public":"BThmCHj2dnVGWqZH2Yqmx3bol6rBOBa21b7/LmYqbWAQ"},"senderMessageKeys":[]},{"senderKeyId":789953444,"senderChainKey":{"iteration":5,"seed":"baI9WwQH2slrPDt+efSM8wBy7nD4GARUZYySUsK26xY="},"senderSigningKey":{"public":"Be3TyTrwRO6Zh7kQupCUEWm/hIXACsWexOkVIWq0Gq0I"},"senderMessageKeys":[]},{"senderKeyId":789953444,"senderChainKey":{"iteration":2,"seed":"36Rkaqdtte8DMsw/Oo/xb/PlqFb9z2x5rG20N5xPiTY="},"senderSigningKey":{"public":"Be3TyTrwRO6Zh7kQupCUEWm/hIXACsWexOkVIWq0Gq0I"},"senderMessageKeys":[]}]