[{"senderKeyId":1017806412,"senderChainKey":{"iteration":1,"seed":"XfYBVlFY96WxLhdL60HWY2DZ8IbhHC4JROd59tqj7Jc="},"senderSigningKey":{"public":"BYFww0ymsEVqyyQIBCOyxjDzXKvSgHng4kRWxCWGMwZD"},"senderMessageKeys":[]},{"senderKeyId":1169944961,"senderChainKey":{"iteration":2,"seed":"VzOC3WfJwx7WEW4vMl96Ss1qz0yZiB19VVRUsoqQhL0="},"senderSigningKey":{"public":"BWLg0Vd0WMY++N6f50+zZtCSXcfyappeTg4sxUZv3VZv"},"senderMessageKeys":[]},{"senderKeyId":1169944961,"senderChainKey":{"iteration":1,"seed":"O+7zmDwsGMtcMZRWXXzk5+AMMvHi22YxDtCWmGW18ao="},"senderSigningKey":{"public":"BWLg0Vd0WMY++N6f50+zZtCSXcfyappeTg4sxUZv3VZv"},"senderMessageKeys":[]},{"senderKeyId":1069384334,"senderChainKey":{"iteration":1,"seed":"WDxYXpjGPOp+B9hznR7qTxfuQkOXnzDTFQ3yvbqXGAM="},"senderSigningKey":{"public":"BRteezQBCuYU9Z+SdR49rfaeCoWpAekXEThsoMJrLqR9"},"senderMessageKeys":[]}]