[{"senderKeyId":1098805876,"senderChainKey":{"iteration":34,"seed":"hQ8FIrRKSjVItAtZ3hZAY642XFKsEOcN2/T0/G41Stc="},"senderSigningKey":{"public":"BfHl2SZa1n7cB+QNc5Jy/BeoRyO0HCsMLD9FTg8yX2oW"},"senderMessageKeys":[]},{"senderKeyId":1098805876,"senderChainKey":{"iteration":34,"seed":"hQ8FIrRKSjVItAtZ3hZAY642XFKsEOcN2/T0/G41Stc="},"senderSigningKey":{"public":"BfHl2SZa1n7cB+QNc5Jy/BeoRyO0HCsMLD9FTg8yX2oW"},"senderMessageKeys":[]},{"senderKeyId":1098805876,"senderChainKey":{"iteration":34,"seed":"hQ8FIrRKSjVItAtZ3hZAY642XFKsEOcN2/T0/G41Stc="},"senderSigningKey":{"public":"BfHl2SZa1n7cB+QNc5Jy/BeoRyO0HCsMLD9FTg8yX2oW"},"senderMessageKeys":[]},{"senderKeyId":1098805876,"senderChainKey":{"iteration":34,"seed":"hQ8FIrRKSjVItAtZ3hZAY642XFKsEOcN2/T0/G41Stc="},"senderSigningKey":{"public":"BfHl2SZa1n7cB+QNc5Jy/BeoRyO0HCsMLD9FTg8yX2oW"}}]