[{"senderKeyId":573492718,"senderChainKey":{"iteration":3,"seed":"ppvLRxeD0Sg0qUnr1SD1y//Qmc9dPVWCS3DimCfQCVw="},"senderSigningKey":{"public":"BfBL9i/nJuOtJTXdHsHIMrwlhTwmMtlzEUHHF6B/0zgl"},"senderMessageKeys":[]},{"senderKeyId":1679269482,"senderChainKey":{"iteration":0,"seed":"eBYcHzIuiCi3VQ9cyivbpImNl4xUYhal7hPiWXcBw7o="},"senderSigningKey":{"public":"BTcur/35xl1m7JOOklumwSKdcV+rIg8C/I770yud+qxE"},"senderMessageKeys":[]},{"senderKeyId":409129828,"senderChainKey":{"iteration":1,"seed":"DEdF5l8Pb7pPkFSmBiXNzNxt6T70WV0U0rgFGWRThJw="},"senderSigningKey":{"public":"BeaCHYWvZuaEIgmuaoN9QhoLuepEMFb5sQcXF7N6cs58"},"senderMessageKeys":[]}]