[{"senderKeyId":947859239,"senderChainKey":{"iteration":2,"seed":"9Mr4YIRh5ZgHdTNpV6eX3PwpzIqnBSZvym/aMP+IYZ0="},"senderSigningKey":{"public":"BQVlRwHGE9f7rFtEz0SOMOT9hAR/5AgZ9RHq1JuxmThI"},"senderMessageKeys":[]},{"senderKeyId":1894810109,"senderChainKey":{"iteration":1,"seed":"RGlx0OPss2oD6lKrD4lSG4UJHjcYYanZgF4svsPXSMU="},"senderSigningKey":{"public":"BX9g/L59WB6UrmN/b5NWaw5uKuNAFImBPvFJafoV69Nw"},"senderMessageKeys":[]},{"senderKeyId":1911259933,"senderChainKey":{"iteration":1,"seed":"TEBSY6ET94aRUAhfItxaMxZ5KAQhHHAHg8OypZaJWW8="},"senderSigningKey":{"public":"BXZBiNjAxcMtrZXCkk7XT6GOFDAYBe5OTHkoOCuOMUlw"},"senderMessageKeys":[]}]