[{"senderKeyId":172937163,"senderChainKey":{"iteration":0,"seed":"T3AfbtwhlE9RPWm8C1pKXdn9vS2b287BJ+SHrC58Fnk="},"senderSigningKey":{"public":"BdGg2Ikv3/TzTOQrkbWHs+x0yilaF4N6cIgVmdsYekk7"},"senderMessageKeys":[]},{"senderKeyId":504618939,"senderChainKey":{"iteration":1,"seed":"5jDC39m3ywGnboFr5jJdpYz9hLHsZjfriAxpGvYq95U="},"senderSigningKey":{"public":"BfuHsHmlWMzSb0e5qG7vlCiB7MBAp389IGAcnLmqixsY"},"senderMessageKeys":[]},{"senderKeyId":956956224,"senderChainKey":{"iteration":3,"seed":"uAPWCFOO6B8XrNOZJ5itifYE1DwexcSJchp+9b09f2Y="},"senderSigningKey":{"public":"BWoKQmBAH5mW4DofeeoVr+J8lBB9PEdNpAGuTjK5HLdF"},"senderMessageKeys":[]},{"senderKeyId":956956224,"senderChainKey":{"iteration":2,"seed":"6zGIirekxlCxuGQN+iYcN+Wi0PeJvNY4vUXrwuW76Ug="},"senderSigningKey":{"public":"BWoKQmBAH5mW4DofeeoVr+J8lBB9PEdNpAGuTjK5HLdF"},"senderMessageKeys":[]},{"senderKeyId":264743346,"senderChainKey":{"iteration":0,"seed":"7dduilsoPGq2Z6Qyvw6YIsTfTUgrTisQ+fd3QG/l9aU="},"senderSigningKey":{"public":"BWMrtjimJG3QzfZuL3eED48Jt0ylQMdTVjaShTXD31By"}}]