[{"senderKeyId":1889897226,"senderChainKey":{"iteration":2,"seed":"1gl8AAd6010dCMi632D5MWDUvZ4P8xgPAcYkTXP74wQ="},"senderSigningKey":{"public":"BUiiCW8XKtzOtjuitvX69YZJra/DunYNs+xliucPbwYL"},"senderMessageKeys":[]},{"senderKeyId":2096964850,"senderChainKey":{"iteration":1,"seed":"4Bq9GyMuMNJfHRYp2LfIjy7rv7RKzquF3/Yo1h1ZhqY="},"senderSigningKey":{"public":"BX/AfveR9+AyRPqw88f2ronvVp5wy6BG7xgQVKb82p42"},"senderMessageKeys":[]},{"senderKeyId":113088573,"senderChainKey":{"iteration":5,"seed":"1yO0Iob2eDqrAB97mNhbt8KHBpgPkcEMbEk3fvk0ov0="},"senderSigningKey":{"public":"BcwdPYfwoi7VOfx/pV0VEnWW0MphVrI+ZRDegLn7D9Mp"},"senderMessageKeys":[]}]