[{"senderKeyId":2081254356,"senderChainKey":{"iteration":1,"seed":"9L16hSzg2mm2AUjNXXUm904Kkii5ABMVqoQ4OMEjVks="},"senderSigningKey":{"public":"BU0ghlbYlooEEoe825X2nD3vdbECgDg6gN0jYBByREA+"},"senderMessageKeys":[]},{"senderKeyId":1656362118,"senderChainKey":{"iteration":3,"seed":"ZbZvYKikVKXyxRePHrM8D7lFsc/xZUMvz7YtbrnIbeY="},"senderSigningKey":{"public":"BW9VRWiJgUyPWn78uZhYf7QuRhSA7Uzz+7g4GVXSxWQM"},"senderMessageKeys":[]},{"senderKeyId":1656362118,"senderChainKey":{"iteration":1,"seed":"rIsPjVrQoZ7lVHERiJjq5Ww4TRrhcp3oNhNPQQV8JjI="},"senderSigningKey":{"public":"BW9VRWiJgUyPWn78uZhYf7QuRhSA7Uzz+7g4GVXSxWQM"},"senderMessageKeys":[]}]