[{"senderKeyId":2064919276,"senderChainKey":{"iteration":0,"seed":"y8DDwWdmC/caJZs2lD9J7kugsMBrxXf/no3c8NKsgcE="},"senderSigningKey":{"public":"BRc6LEsqUB+De+9MKq76LAzdkfNzulbssGfQzC5Ht+96"},"senderMessageKeys":[]},{"senderKeyId":976635497,"senderChainKey":{"iteration":1,"seed":"vYE0gQMxDBAcsD6FqHpaS+Ly52g9MvIbYWh/KkOnOAY="},"senderSigningKey":{"public":"BZjuO4yTuRN4p3QNunQ7h3mO4Y/sBSA79vHLU3DuPEI7"},"senderMessageKeys":[]},{"senderKeyId":1633991168,"senderChainKey":{"iteration":1,"seed":"/x+T5w+eF9yHmbdG2HJw6qKQ4rTr+9kVmbpj4xH23H8="},"senderSigningKey":{"public":"BcUONEQX/9f5MERL4fUgoz05iOVCZ4BC90l1UKDJFZQf"},"senderMessageKeys":[]}]