[{"senderKeyId":944335911,"senderChainKey":{"iteration":34,"seed":"995I1AcGxPI7/Eo/w/LtsamxxlzR1XrH0ZZxKlfHGYk="},"senderSigningKey":{"public":"BZCUJLA1f4/Yn76Jw+QeHs0mZifeB9/Jc19w8KMh1aVs"},"senderMessageKeys":[]},{"senderKeyId":944335911,"senderChainKey":{"iteration":30,"seed":"7jruOlPHlDUEaYHlui+iqStSuEl9E2Z27Y5niOOVxow="},"senderSigningKey":{"public":"BZCUJLA1f4/Yn76Jw+QeHs0mZifeB9/Jc19w8KMh1aVs"},"senderMessageKeys":[]},{"senderKeyId":944335911,"senderChainKey":{"iteration":32,"seed":"9qf/iQ/mH0I7KORZtAWm3m3XTt4kUv85RsekkkMnm0U="},"senderSigningKey":{"public":"BZCUJLA1f4/Yn76Jw+QeHs0mZifeB9/Jc19w8KMh1aVs"},"senderMessageKeys":[]}]