[{"senderKeyId":1047703507,"senderChainKey":{"iteration":1,"seed":"x5ojDBb62Klowa6hCZe6I6aMRpQ/uSdX9vQcOEHzDrg="},"senderSigningKey":{"public":"BQoCiRHqmxYpHM3yRKXfF+x0UR3v2HdKroXA20AzbVE2"},"senderMessageKeys":[]},{"senderKeyId":373158510,"senderChainKey":{"iteration":7,"seed":"XLsG6/CdqMujFfJzRDKiGVBySYuwYX5E3bqXONOd+z8="},"senderSigningKey":{"public":"BZkhqk2BviAIu1j2wbj7Zut1jLywEJSaU97HuCMx7JZb"},"senderMessageKeys":[]},{"senderKeyId":1510844047,"senderChainKey":{"iteration":0,"seed":"/jnYwABIN4QJF4HzeKnQV4aT+XNDnihRJ7deDNjZ1OQ="},"senderSigningKey":{"public":"BUhUZFIDnaWgZ2YlhvgqzujmK1ew0YHg4NM9x0/N/HAD"}}]