[{"senderKeyId":1976172509,"senderChainKey":{"iteration":0,"seed":"2MY5boQgVrS9VZSKd6+MvAhy+93SeooJzYP4ohdEBiE="},"senderSigningKey":{"public":"BXBhhbphGehYdrerx3H6DiIqJuVleVeyDaQirTlihhYA"},"senderMessageKeys":[]},{"senderKeyId":985868289,"senderChainKey":{"iteration":1,"seed":"Ao2A+3JCF5WpLZiX4S3+ie+IS+/Kxh+4+EemMRITW4U="},"senderSigningKey":{"public":"BY6HVCISt7mYFXaa45p9JTCRqLytdSG8BvntMrvQfqhz"},"senderMessageKeys":[]},{"senderKeyId":988382940,"senderChainKey":{"iteration":11,"seed":"Y1rPyqxbARgthsZlYYGqo5punRiWd3Bdt63bXjjBvFU="},"senderSigningKey":{"public":"BRaa2HuzVmJ1vooGm1INzqHkW418ypLsMEClJF9RfGh7"},"senderMessageKeys":[]}]