[{"senderKeyId":2013342147,"senderChainKey":{"iteration":0,"seed":"3jgp/qv48zp7v8ahDiKJkRZqAaes0q1CDdBIyTP3YjQ="},"senderSigningKey":{"public":"BR1ew2KLdbZnk9S4NPwd4m3tG3cACKhd38o6+6tLNYQQ"},"senderMessageKeys":[]},{"senderKeyId":1743275026,"senderChainKey":{"iteration":2,"seed":"qLqrm89qpa5BdlI6hpzCJ6NzRTxemaYBZi8z6X03lsw="},"senderSigningKey":{"public":"BZEJKksSyLGkem2JUPHVlqwj71KRYycJiwm2Dvoyi7ww"},"senderMessageKeys":[]},{"senderKeyId":968092062,"senderChainKey":{"iteration":1,"seed":"bmcJa+/shEHqpfJaAwIvosHVJu8SDPcNfBo/XAwc4Vw="},"senderSigningKey":{"public":"BRvNT+vb9oy7GOqJJ5VtZwNKO3A/wtZkkc5ujkie9aJv"},"senderMessageKeys":[]}]