[{"senderKeyId":1204437666,"senderChainKey":{"iteration":0,"seed":"8Nokfo6ZJjPE47xw2fBx1dI8CIwK6Y2lTV8xt+ryD2Q="},"senderSigningKey":{"public":"BdZ/SuqABwAebDf/qM4QPZzasztqbUle7DfnRYwGT0Em"},"senderMessageKeys":[]},{"senderKeyId":235297821,"senderChainKey":{"iteration":2,"seed":"4aQJkLL9kt0UwAsxDb1NWZI7B2fQ9u5Yk515oB2nvzc="},"senderSigningKey":{"public":"BVCF4Qase9hxbULjYiPplQwbsT0ip9Nn023/pLWmukMg"},"senderMessageKeys":[]},{"senderKeyId":374243840,"senderChainKey":{"iteration":2,"seed":"gEkotyHrP/54+dtoBUqWj2yx9FkXSeHdb7PjoTvSZs0="},"senderSigningKey":{"public":"BXVio7ewbXAihMbzRkAS1B64iie1CCUDcRa4U1Dgv7sW"},"senderMessageKeys":[]}]