[{"senderKeyId":500018678,"senderChainKey":{"iteration":12,"seed":"6QEu/K23BxTV4zZkY0Pih6SQO28Zz7amuOk8X2ZGdsc="},"senderSigningKey":{"public":"Be+d2SouPqYH5f6+SXULNrq2Iir/je+IFNUTowdpNd48"},"senderMessageKeys":[{},{},{},{},{},{},{},{},{},{}]},{"senderKeyId":500018678,"senderChainKey":{"iteration":10,"seed":"EgSQJvAiV50oCFqVl9P3zolreAgFHLFczJvunC2yr8I="},"senderSigningKey":{"public":"Be+d2SouPqYH5f6+SXULNrq2Iir/je+IFNUTowdpNd48"},"senderMessageKeys":[]},{"senderKeyId":204326253,"senderChainKey":{"iteration":2,"seed":"Qava7tWBlyA/tzfdgMgzgkSgsEM1zBxue1WA5pOPdPA="},"senderSigningKey":{"public":"BVUSP2wQ1x9zp/+pLE3gm+TrSWW6LQWxVpibUyyS3y0E"},"senderMessageKeys":[]}]