[{"senderKeyId":1710267836,"senderChainKey":{"iteration":1,"seed":"QPUflyww4p06LRdAlZqefu8lx7rxGJgrVa3pcJYs05Y="},"senderSigningKey":{"public":"BVddxlzogDzOiEd0vP33M5yQr7IGdtHNHySFRWGhBQIU"},"senderMessageKeys":[]},{"senderKeyId":586068177,"senderChainKey":{"iteration":5,"seed":"x62p/MTq4io5czwhtthG2VoqzcQjAr1GvdK4YCt4do8="},"senderSigningKey":{"public":"BVCFYBoKM9VlI3hgjyS4n1/0gsALxVw5NToARumuqTM8"},"senderMessageKeys":[]},{"senderKeyId":402850941,"senderChainKey":{"iteration":1,"seed":"mUTVf9ktXWVU2tuUPtJoteASDUd6vMlI2P/MJ8Hpbg4="},"senderSigningKey":{"public":"BdoesN2AMhq8rPjEppUDKApaDBLh9RedSRVGHjwv2vcW"},"senderMessageKeys":[]}]