[{"senderKeyId":460054092,"senderChainKey":{"iteration":0,"seed":"AJQT6uoHIlyHpiol7fb1YpUCHEQvcpBO92BQST9FI+8="},"senderSigningKey":{"public":"BRdw82UewgL430a+bWRouU5S3KZvJlYvcxp9jGbe2OUK"},"senderMessageKeys":[]},{"senderKeyId":1155121213,"senderChainKey":{"iteration":1,"seed":"ppSQXbmsi3Yc3q2clra7HjEpDk2u385KWt+GFQdeJyc="},"senderSigningKey":{"public":"BSDgxo/NVAnhAhICnRzgYRB8MWGZrC72LjHPBa+1dBIZ"},"senderMessageKeys":[]},{"senderKeyId":65625750,"senderChainKey":{"iteration":3,"seed":"e7NbU9osHKBQKE6DVmO9UC9kaXvh82WUZhFBTBh2luQ="},"senderSigningKey":{"public":"BWfitAVs13LY2srkBhgLYOGKt4KDCKyxQdmFcIeFUa15"},"senderMessageKeys":[]},{"senderKeyId":65625750,"senderChainKey":{"iteration":1,"seed":"TpOWELl6AbExXiygTwbAGbfvGhWIDlX3Vg/rd6obtaQ="},"senderSigningKey":{"public":"BWfitAVs13LY2srkBhgLYOGKt4KDCKyxQdmFcIeFUa15"},"senderMessageKeys":[]},{"senderKeyId":65625750,"senderChainKey":{"iteration":2,"seed":"gT/1iqAMvp4TVfDngqP105BbFinynHtdmE9eS/b5GWI="},"senderSigningKey":{"public":"BWfitAVs13LY2srkBhgLYOGKt4KDCKyxQdmFcIeFUa15"},"senderMessageKeys":[]}]