[{"senderKeyId":391522357,"senderChainKey":{"iteration":1,"seed":"2FKm1j0pq7JO1BR2NBkfB/zb66PsD4c08DSb2HZbaRw="},"senderSigningKey":{"public":"BSvvf41JRChUx6+YqZmG69RXh/9umfLB4woB+UoaeVti"},"senderMessageKeys":[]},{"senderKeyId":524819269,"senderChainKey":{"iteration":0,"seed":"2ix0hsILYDhCSJOL3JyXxH5m4jT4QPhPSl/qnH8l7nE="},"senderSigningKey":{"public":"BY1XCaxeue1vmJCsiAbCZ7el4fqSKhW/7XseHJNjmh5/"},"senderMessageKeys":[]},{"senderKeyId":1928461287,"senderChainKey":{"iteration":2,"seed":"IBtiF9tDrzcWQvTFqyuriUkTRVC9m6iBTD2Cf/cAWNU="},"senderSigningKey":{"public":"Bd5VUTDDEigYTIGdcgWmVbTZbQSSQ6Lml39AMtYhik8X"},"senderMessageKeys":[]},{"senderKeyId":1928461287,"senderChainKey":{"iteration":1,"seed":"OZGnGS/3Z/cOWFptzIoXi56akgBdjt3aA4zGpVVfP3w="},"senderSigningKey":{"public":"Bd5VUTDDEigYTIGdcgWmVbTZbQSSQ6Lml39AMtYhik8X"},"senderMessageKeys":[]},{"senderKeyId":1513659955,"senderChainKey":{"iteration":1,"seed":"F9nYzT2ZB4uSEjWRHce41LKYqOOz067jkncnXZ72OtI="},"senderSigningKey":{"public":"BRQWi07cQI2+zyrKEiW7iZKgPLvYTBgYAo/PJNoTNMAZ"},"senderMessageKeys":[]}]