{"_sessions":{"BR6TczwahDf4w2IxbgLXcm2BUM5qel5LwgYo0XENh0gM":{"registrationId":113601805,"currentRatchet":{"ephemeralKeyPair":{"pubKey":"BfSq1YCowthP9BN3YqkriNuN7E37rv49o/Y3yxmWIqUs","privKey":"6FQroI/RYj8o+uMXwHklHo6AatDIhbrLNYEak3ml010="},"lastRemoteEphemeralKey":"BeTKpvvyF8SdcR1ZWDWWIurtA7hkCPWFAZ8NfL8NaLoI","previousCounter":0,"rootKey":"04NV5PMM+RktYap77fLBjRNj7sMJBL978BGccmWbSNY="},"indexInfo":{"baseKey":"BR6TczwahDf4w2IxbgLXcm2BUM5qel5LwgYo0XENh0gM","baseKeyType":2,"closed":-1,"used":1756105290506,"created":1756105290506,"remoteIdentityKey":"BZA3q5kxc7jnrwg1/bUFh6GWuq7x7M6+NFilGdCiIwkt"},"_chains":{"BeTKpvvyF8SdcR1ZWDWWIurtA7hkCPWFAZ8NfL8NaLoI":{"chainKey":{"counter":1,"key":"ejuHQTM241uN/6n7hBFCb4WmMVwP+KyP3KwLMGoTfjQ="},"chainType":2,"messageKeys":{"0":"j8o9D586D1JsAQEcruLU/EW9NABVh/F2bO57USWzgVs="}},"BfSq1YCowthP9BN3YqkriNuN7E37rv49o/Y3yxmWIqUs":{"chainKey":{"counter":-1,"key":"kA3WWwVL/RTAmU2RWvcZGblWQhBrXc7cUcUesQfCRYo="},"chainType":1,"messageKeys":{}}}}},"version":"v1"}