{"_sessions":{"Bb3N6H/uniI8+8HCFIoyHaIz2BCyfu3oJl24+iWTGEwG":{"registrationId":1789930626,"currentRatchet":{"ephemeralKeyPair":{"pubKey":"BctXUMV6JyMpnVAMc34rIQnZntGrdoQZdT/JW7WaRM1c","privKey":"wPzRFa4k9nYtI4k3/+Sfw2frW6OOG842Sx94r8uncWs="},"lastRemoteEphemeralKey":"BXfSZaFEoA/Ju90QmXcgKLQ5ZyS9TuNO5LV6xfpHb9M9","previousCounter":0,"rootKey":"Z5NFZbeb4Z/DPP3D1AbV4eEWk2xXHD7ELcsjnLTz4ds="},"indexInfo":{"baseKey":"Bb3N6H/uniI8+8HCFIoyHaIz2BCyfu3oJl24+iWTGEwG","baseKeyType":2,"closed":-1,"used":1755953611725,"created":1755953611725,"remoteIdentityKey":"BeQzI6Xd72aBvLOSEdbT7yztwL1r4Y2vcFfhhnmIkRsq"},"_chains":{"BXfSZaFEoA/Ju90QmXcgKLQ5ZyS9TuNO5LV6xfpHb9M9":{"chainKey":{"counter":1,"key":"azuR1yCpn4fVLvuAU7mOjxNJ4+W8kuX5LlNmh3SLOMk="},"chainType":2,"messageKeys":{}},"BctXUMV6JyMpnVAMc34rIQnZntGrdoQZdT/JW7WaRM1c":{"chainKey":{"counter":-1,"key":"/ffHpNyfu2KWUlv7z+gA37yjClOnGsOQHynkkKUu9nI="},"chainType":1,"messageKeys":{}}}}},"version":"v1"}