{"_sessions":{"BeX2naM58rv5VgCDPoztURxXVywhT6iVIPIeHDrpmr4I":{"registrationId":1025339685,"currentRatchet":{"ephemeralKeyPair":{"pubKey":"BW1oo9LDIMzRUSoSUEAXOVDT1fJ5d12elf2MwF/QQCNa","privKey":"KKNEEN/etkrpGoTceL6Zw7vtHIoywPydpiP1MgESZX0="},"lastRemoteEphemeralKey":"BTl5pNc93A2vwY/UF5yP4JPHDVPa8xr7SSs9hYDCeaNv","previousCounter":0,"rootKey":"9VMwUF3eMipvhcW/ckKvzZ+5Siq7j2Akx2nsTVBGsXc="},"indexInfo":{"baseKey":"BeX2naM58rv5VgCDPoztURxXVywhT6iVIPIeHDrpmr4I","baseKeyType":2,"closed":-1,"used":1756105291172,"created":1756105291172,"remoteIdentityKey":"BQwYSswvwgFQ4FXJMvuBrW0BoyljjthkcybnSzmQ4TU8"},"_chains":{"BTl5pNc93A2vwY/UF5yP4JPHDVPa8xr7SSs9hYDCeaNv":{"chainKey":{"counter":0,"key":"XN6UNeyhHO2VVdwuQZ/zqxDGZwcW2MdM6DbNIo+UQZw="},"chainType":2,"messageKeys":{}},"BW1oo9LDIMzRUSoSUEAXOVDT1fJ5d12elf2MwF/QQCNa":{"chainKey":{"counter":-1,"key":"1QaE95Z6vtfdlOb8dHUU0TEi4e3aAHVrU7smT1mWpkQ="},"chainType":1,"messageKeys":{}}}}},"version":"v1"}