{"_sessions":{"BYfIWPl60EkI5NNRLtXinpA2/9A/EL67SCae1aUxyp8m":{"registrationId":2028581347,"currentRatchet":{"ephemeralKeyPair":{"pubKey":"BUkSpBmZofVEGwzJBhTQ98QwoZSHO2WKD5LWYiazkaU3","privKey":"YFrVkU1DnkMDLOv8kf9ghdxW+IPwfs6TvVPp6CQKyXo="},"lastRemoteEphemeralKey":"BSZePNJXlF3GWQ8b/6q8qOS+9FLKsvwpIaVJaGaaydMH","previousCounter":0,"rootKey":"u5/a/bTaBfnQeAzVHObzY7YdGlR3IbeVc1bVxKVg/g0="},"indexInfo":{"baseKey":"BYfIWPl60EkI5NNRLtXinpA2/9A/EL67SCae1aUxyp8m","baseKeyType":2,"closed":-1,"used":1756105329655,"created":1756105329655,"remoteIdentityKey":"BR9440Wu1umjkALfaRr0ZBKoECN6JJucVAKnKVZJW3Uh"},"_chains":{"BSZePNJXlF3GWQ8b/6q8qOS+9FLKsvwpIaVJaGaaydMH":{"chainKey":{"counter":1,"key":"JV5mk3ktrsspYFETTqMmvBm/KZ3SBvFboBgRZVkbmMA="},"chainType":2,"messageKeys":{}},"BUkSpBmZofVEGwzJBhTQ98QwoZSHO2WKD5LWYiazkaU3":{"chainKey":{"counter":-1,"key":"Zo9ezEmcWuzXc170BCqLLapLRtzyESD3I/m1uJA3YxU="},"chainType":1,"messageKeys":{}}}}},"version":"v1"}