{"_sessions":{"BYYQcw2wXjNpUY8JFVsE4auRDqiWscLOJtegH6DJxVt1":{"registrationId":2016872596,"currentRatchet":{"ephemeralKeyPair":{"pubKey":"BeTlFIX3PQDkRbOHvIlg3a7Hi51tc4D5uEpMff0hDepE","privKey":"CMLm+DSDK68DNAza3FkoMq9PNH2ici/zn+CKjPVBzV0="},"lastRemoteEphemeralKey":"BanbpcJhMif9KOat+QV8xy6hLjMJuwiyAwdVubCp7w8n","previousCounter":0,"rootKey":"BKeuB3VMeDaEGItwnbexbOYdidbo2jBnnlLMFSAcWYA="},"indexInfo":{"baseKey":"BYYQcw2wXjNpUY8JFVsE4auRDqiWscLOJtegH6DJxVt1","baseKeyType":2,"closed":-1,"used":1755954515455,"created":1755954515455,"remoteIdentityKey":"BWOdxT/MGx5x0oboHqdOrmsYMggcJTU0SrgaqQeuyR5O"},"_chains":{"BanbpcJhMif9KOat+QV8xy6hLjMJuwiyAwdVubCp7w8n":{"chainKey":{"counter":28,"key":"CC18AlGcv2OQ2wgo5imx//uIH9IjQsnzBRfflqdDbFo="},"chainType":2,"messageKeys":{}},"BeTlFIX3PQDkRbOHvIlg3a7Hi51tc4D5uEpMff0hDepE":{"chainKey":{"counter":-1,"key":"rxJzONVuEIUh37KsHeYWmo4fmulEtDUfPAlI6QBzWbY="},"chainType":1,"messageKeys":{}}}}},"version":"v1"}