{"_sessions":{"BZUevMWHbF5VH6TgzsCk8blfcGwz7FtOPH+XRYtcHHAA":{"registrationId":2071128947,"currentRatchet":{"ephemeralKeyPair":{"pubKey":"BfvWb7q6h6zzWaHDeuXCa71WTDY+OijR8sH5o/kM74NH","privKey":"SHcq/PkhRwbRP4p/YaoyuvATN4hJUHN/Sl84KMCbiE0="},"lastRemoteEphemeralKey":"BRbtF2vLqKS7MqtImOTSV9S/gxK3Q38PODa+V0ZHi4Ys","previousCounter":0,"rootKey":"uzvk5Zeu1JwwXqMYyw3fPxVHG7mOj6oCeePLEd03o48="},"indexInfo":{"baseKey":"BZUevMWHbF5VH6TgzsCk8blfcGwz7FtOPH+XRYtcHHAA","baseKeyType":2,"closed":-1,"used":1756105328618,"created":1756105328618,"remoteIdentityKey":"BQyEakI5vmTYST7hsAZ4fw9sQXcyYmSrN1ZLbJEJrRk7"},"_chains":{"BRbtF2vLqKS7MqtImOTSV9S/gxK3Q38PODa+V0ZHi4Ys":{"chainKey":{"counter":0,"key":"lLtLu7UxuPw9gMwSXJy4TwKc3JjmZqLVJLe85e2ZsFw="},"chainType":2,"messageKeys":{}},"BfvWb7q6h6zzWaHDeuXCa71WTDY+OijR8sH5o/kM74NH":{"chainKey":{"counter":-1,"key":"2gkMH6HX9mSaJHOk/ZBy8lCjevaYVP419ApbXaG5HEU="},"chainType":1,"messageKeys":{}}}}},"version":"v1"}