{"_sessions":{"Bf1Y8Gz4BQkkVYB719myXDbzAxmC65iaBCiPrtXqVPZ1":{"registrationId":1455795171,"currentRatchet":{"ephemeralKeyPair":{"pubKey":"BW+QX3dnsSAJxsobQ78nwSfHeT/r30giakMbYp1H2qAT","privKey":"0Jy0aL9dwV1OpMUuIv7PcqLcZeRM29kISB+sf1rKjmI="},"lastRemoteEphemeralKey":"BYT9jbx0AZYo2eCEPXqeIPBHFSsiMwsOmS7E+4nmaucB","previousCounter":0,"rootKey":"4f6QaC8V5xcn5qNz02U9epKGx0hhVxYoi93iR+w6v/E="},"indexInfo":{"baseKey":"Bf1Y8Gz4BQkkVYB719myXDbzAxmC65iaBCiPrtXqVPZ1","baseKeyType":2,"closed":-1,"used":1756112240667,"created":1756112240667,"remoteIdentityKey":"BYWAfMaDPfSV6pJ9dfl8lk5KVpOZglNiIZGiOcHnXAxO"},"_chains":{"BYT9jbx0AZYo2eCEPXqeIPBHFSsiMwsOmS7E+4nmaucB":{"chainKey":{"counter":0,"key":"3DuUiVal0qGy4n7FJsIOpue51ZFpZS0k5fTwX3EhJ+Y="},"chainType":2,"messageKeys":{}},"BW+QX3dnsSAJxsobQ78nwSfHeT/r30giakMbYp1H2qAT":{"chainKey":{"counter":-1,"key":"qKY3P17GqekfOcWEmLTBHDdSJBF2GTQa0Eb0Yj1i/3E="},"chainType":1,"messageKeys":{}}}}},"version":"v1"}