{"_sessions":{"BYQljHkdJR4w5yBZ+AmxKhd60MF4+Z/xE9fKGtRtDaA7":{"registrationId":1250214138,"currentRatchet":{"ephemeralKeyPair":{"pubKey":"BV5k+VJWiOazpJLz1hUS+WlDN2sD0pH0jgxX1ZYInYc6","privKey":"2P2P2+Jcd6GsyeoHOADY0lzikLjGr9eZHUWW8vrRP0Y="},"lastRemoteEphemeralKey":"BWwgrFJNFXjwQaFy4rN3cAeDghr74x7Ya+76eGYjm+FO","previousCounter":0,"rootKey":"uK6SRWS1ZrsUdmnfTXux+CbTKCmPeJQrdIixlpjy+KM="},"indexInfo":{"baseKey":"BYQljHkdJR4w5yBZ+AmxKhd60MF4+Z/xE9fKGtRtDaA7","baseKeyType":2,"closed":-1,"used":1756105294108,"created":1756105294108,"remoteIdentityKey":"BfRdU7k7qtU1+sGPopYdgTU8eG9IX6GL2y1ayIADLUlO"},"_chains":{"BWwgrFJNFXjwQaFy4rN3cAeDghr74x7Ya+76eGYjm+FO":{"chainKey":{"counter":0,"key":"JN7Oo5jUnbavXMV/TXRcu3c6wy4XzZN4w8EH4HSFv+c="},"chainType":2,"messageKeys":{}},"BV5k+VJWiOazpJLz1hUS+WlDN2sD0pH0jgxX1ZYInYc6":{"chainKey":{"counter":-1,"key":"wiB0m/DgTEJf/hn6MwsSMnkC3p+qFR2uExjSZIyRBuI="},"chainType":1,"messageKeys":{}}}}},"version":"v1"}