{"_sessions":{"BajkIrPu6Y3vO5eJjTYf7+Kz5YtC3KRo36mfWDrMZRwl":{"registrationId":105412223,"currentRatchet":{"ephemeralKeyPair":{"pubKey":"BfsKfTGLRN6NJTtgILdMNz8I2B6KkYgexIFpl3Iznz8o","privKey":"eHTdPHnBCInYoP1DLKZbUaQe0jldmJP/kBPqukbbCn0="},"lastRemoteEphemeralKey":"BWqj/LG9jvqj5XkvrvAnleNg8BWHhCfV6bVB4VdZuo1z","previousCounter":0,"rootKey":"CYpg7LZugnANYpAbqeM3LaaFlPjUr7b21M7XMZLc5pY="},"indexInfo":{"baseKey":"BajkIrPu6Y3vO5eJjTYf7+Kz5YtC3KRo36mfWDrMZRwl","baseKeyType":2,"closed":-1,"used":1756105295462,"created":1756105295462,"remoteIdentityKey":"BXc7OA3UYyF/df2O441sQGDQg+uYyOAT/V6wFNvACzs1"},"_chains":{"BWqj/LG9jvqj5XkvrvAnleNg8BWHhCfV6bVB4VdZuo1z":{"chainKey":{"counter":1,"key":"qVp3EQzM8Ub+jl0PhmE65nWWfENGX32vbDanrQug1K4="},"chainType":2,"messageKeys":{}},"BfsKfTGLRN6NJTtgILdMNz8I2B6KkYgexIFpl3Iznz8o":{"chainKey":{"counter":-1,"key":"0HWWRiFq/lVTsgFAnDmDDope48JIp3Ihj8bD6ca9fa4="},"chainType":1,"messageKeys":{}}}}},"version":"v1"}