{"_sessions":{"Bcsrqkmii7idOUi0BfFPkzSFyAlAA9Iw2HNjhXMDm55+":{"registrationId":792365766,"currentRatchet":{"ephemeralKeyPair":{"pubKey":"BdGSZ7/d2d1ELcJL2LxuAALCbMLUiqgcntfHgA1tX4sy","privKey":"kMZi9jFwbV/istcmVGL9n427QHYNfa3eK5bFKenMF30="},"lastRemoteEphemeralKey":"Bam31oJr/Qla+t3BvEv58LE9gVV8RtnqU+I+rnJRjLRw","previousCounter":0,"rootKey":"p/0cMMbFAZpeZ0nBlpPLFWVqwgztwEPsFl1nyDLOOWk="},"indexInfo":{"baseKey":"Bcsrqkmii7idOUi0BfFPkzSFyAlAA9Iw2HNjhXMDm55+","baseKeyType":2,"closed":-1,"used":1756105290619,"created":1756105290619,"remoteIdentityKey":"Be4RoINHN1qe5oCCgLVMZKqktonPsav/LIxLxdCoiTc2"},"_chains":{"Bam31oJr/Qla+t3BvEv58LE9gVV8RtnqU+I+rnJRjLRw":{"chainKey":{"counter":0,"key":"Obrb/VQViLVM6vAjWvQ8gJWxxvK5vmr65VQ0zZEXids="},"chainType":2,"messageKeys":{}},"BdGSZ7/d2d1ELcJL2LxuAALCbMLUiqgcntfHgA1tX4sy":{"chainKey":{"counter":-1,"key":"kH8tDqODJ0+oD/EwEp+L+zSmQR32UB6808yYCUjcUkE="},"chainType":1,"messageKeys":{}}}}},"version":"v1"}