{"_sessions":{"BYrb7KHAGmRz+kq+b7G2ZsliSYpU3HnVixpXPSUmkYxb":{"registrationId":162235549,"currentRatchet":{"ephemeralKeyPair":{"pubKey":"BZjnBPM96PLZofhAU28DMqrCRu6/Nk3VypZ5YAm56rt1","privKey":"aM4pDZjkFv7gLnMackfvGHyvEUXHn+TcJsat4pl6PFw="},"lastRemoteEphemeralKey":"BRTDbitLbyN6IgtwClq7YgXnjXjGiVKdE6f0KVuwNUlp","previousCounter":0,"rootKey":"EX8p2aMuqjrSTVDOrz7BeK6QR1JwY77hZdZdkfT0GUY="},"indexInfo":{"baseKey":"BYrb7KHAGmRz+kq+b7G2ZsliSYpU3HnVixpXPSUmkYxb","baseKeyType":2,"closed":-1,"used":1756111795774,"created":1756111795774,"remoteIdentityKey":"BYteXqO031LuP7VhXMUbYbxnlV8RILqTPeQQNEacyPEt"},"_chains":{"BRTDbitLbyN6IgtwClq7YgXnjXjGiVKdE6f0KVuwNUlp":{"chainKey":{"counter":0,"key":"EftpDAmIEbexzagowXYMA2Mc801z7E8ghStGQZVpBo4="},"chainType":2,"messageKeys":{}},"BZjnBPM96PLZofhAU28DMqrCRu6/Nk3VypZ5YAm56rt1":{"chainKey":{"counter":-1,"key":"t7bjK/vtC0WdokCZGxHxEjL2oO+xz3xqpDJIpIiGBwI="},"chainType":1,"messageKeys":{}}}}},"version":"v1"}