{"_sessions":{"BdeEj67berMQ9OKi8m+V3fBcqqcGVIV1gzVb7QysNNFe":{"registrationId":1685937669,"currentRatchet":{"ephemeralKeyPair":{"pubKey":"BYfc34gRZhR18G4PC1qkoi04zx3FMQudCXifQeaEpGsI","privKey":"sKFm8MRA/2MKkNqrBE9vsOtLzL+mei129oK+/D7WVU4="},"lastRemoteEphemeralKey":"BQJHfQYSK6s5G8g8MDBvhlLGAvSeTXdremEg7RzLRgV7","previousCounter":0,"rootKey":"RzRDOAEI2yK5Re+bw4s/zaFWWR0uoRJq4EJmrlamaw4="},"indexInfo":{"baseKey":"BdeEj67berMQ9OKi8m+V3fBcqqcGVIV1gzVb7QysNNFe","baseKeyType":2,"closed":-1,"used":1756105295799,"created":1756105295799,"remoteIdentityKey":"BTuupPBU0R+N774DQlWmGMMb/S1CtvbeTYnRI1hSDr8/"},"_chains":{"BQJHfQYSK6s5G8g8MDBvhlLGAvSeTXdremEg7RzLRgV7":{"chainKey":{"counter":0,"key":"V8Cj0+68SOmXI5VSgvXDjttrq2H8rapueY2rO9Df27Q="},"chainType":2,"messageKeys":{}},"BYfc34gRZhR18G4PC1qkoi04zx3FMQudCXifQeaEpGsI":{"chainKey":{"counter":-1,"key":"6N8jHYr4Z8/WDLBZ5DFdThCXMYxY/0FTykBaOGPXwms="},"chainType":1,"messageKeys":{}}}}},"version":"v1"}