{"_sessions":{"BZQ3tlQ3+9qYcqU6wVogtuPaoIDIG6PHt5f+9cP4dOBh":{"registrationId":414852383,"currentRatchet":{"ephemeralKeyPair":{"pubKey":"BQu7QipBHV2KyO6SJOM378WqOVzjwkLWNzRdLOOVbyk1","privKey":"GGsFdXpBOmLPsVVsqwXzvDgaWjGO2gm+cf12hItvVXI="},"lastRemoteEphemeralKey":"BQPtipeLy8LdXiQzqZ/uMJ9aIjmfC4CLNRfO0X7OeUQx","previousCounter":0,"rootKey":"vN87rYxZD8MOWW1YuaWojJNKRRM53RTaRIBj1kokeqY="},"indexInfo":{"baseKey":"BZQ3tlQ3+9qYcqU6wVogtuPaoIDIG6PHt5f+9cP4dOBh","baseKeyType":2,"closed":-1,"used":1756105290453,"created":1756105290453,"remoteIdentityKey":"Bfv+LxuSNt1AqacLeVuAxiebwE+4v6tD2W2LWT0L4shI"},"_chains":{"BQPtipeLy8LdXiQzqZ/uMJ9aIjmfC4CLNRfO0X7OeUQx":{"chainKey":{"counter":2,"key":"bcn1IxgaDdHptauS7XaXiVZWRhtEOn6qwtsh2g01XAI="},"chainType":2,"messageKeys":{}},"BQu7QipBHV2KyO6SJOM378WqOVzjwkLWNzRdLOOVbyk1":{"chainKey":{"counter":-1,"key":"qXL+zEf6oQ/PAjicz6grBtvN8AJ7WytRhrQMF/Fuy+U="},"chainType":1,"messageKeys":{}}}}},"version":"v1"}