{"_sessions":{"BclZRCbYMPSV0m/Db+pFWQVzl/5DEZp3O/HsFC2uWXkM":{"registrationId":73313551,"currentRatchet":{"ephemeralKeyPair":{"pubKey":"BYWDH3Olxkw8iW36EzErLo3mlOOUP355CZFrnXH2+eBi","privKey":"4Fqe/DYwya+xNWsTdHIb1fTkFFFQMCYPFM/qA1xlqFU="},"lastRemoteEphemeralKey":"BXCrVrz8VZm2t/IJuaVNmzzRlCOFdVYEKucjUyFzdR90","previousCounter":0,"rootKey":"UYsperi0f+S55tORRRLdDk6GOAUm9PFPPmHdiHkI0dE="},"indexInfo":{"baseKey":"BclZRCbYMPSV0m/Db+pFWQVzl/5DEZp3O/HsFC2uWXkM","baseKeyType":2,"closed":-1,"used":1756105297801,"created":1756105297801,"remoteIdentityKey":"Bd5AZuDxGrM2N3JK8/tuRPJDBNSjkcCOppmVoroaFEUn"},"_chains":{"BXCrVrz8VZm2t/IJuaVNmzzRlCOFdVYEKucjUyFzdR90":{"chainKey":{"counter":1,"key":"EqDLnG8Pt/hjvPvr/GJigJEl0WqIUQGwpjEL7L5quSA="},"chainType":2,"messageKeys":{}},"BYWDH3Olxkw8iW36EzErLo3mlOOUP355CZFrnXH2+eBi":{"chainKey":{"counter":-1,"key":"aWyXrIIelugdRol/JB9/AYAvA/dA7krWChZ8TCobfdU="},"chainType":1,"messageKeys":{}}}}},"version":"v1"}