{"_sessions":{"BRPjT0TV30Ii19CCAC1+ECX8QcJAjFC1yAcsWMpiSYlu":{"registrationId":1063079217,"currentRatchet":{"ephemeralKeyPair":{"pubKey":"Ba/QgcxjMFC3QqCaq7GGqJFk1XKMML/eNpGOo1fFqLs9","privKey":"sLBORkMwKpfDM1jnyFuxyX/J7nI7OQN39VH7cS1WulI="},"lastRemoteEphemeralKey":"BSPX5heootnrIslHNTZ6kgNtal2kM1iIW8gRR3gxg3Ay","previousCounter":0,"rootKey":"4+6ETFU3bOjNrEYb8+O9zKt8u3YE095FNBJMc7+QnH8="},"indexInfo":{"baseKey":"BRPjT0TV30Ii19CCAC1+ECX8QcJAjFC1yAcsWMpiSYlu","baseKeyType":2,"closed":-1,"used":1756105306977,"created":1756105306977,"remoteIdentityKey":"BXUv6v3Kwi1HkrLL2PnC9oSPox9421+BpHT55keFKEYa"},"_chains":{"BSPX5heootnrIslHNTZ6kgNtal2kM1iIW8gRR3gxg3Ay":{"chainKey":{"counter":2,"key":"ggivICPeEfrhFj0rlFqdLqeImE5UQBal5XQSQ14oQ8o="},"chainType":2,"messageKeys":{}},"Ba/QgcxjMFC3QqCaq7GGqJFk1XKMML/eNpGOo1fFqLs9":{"chainKey":{"counter":-1,"key":"SvpKCk+wlesd/meo5gL7Esnizj5GOSk8lR7EJfRXe9Y="},"chainType":1,"messageKeys":{}}}}},"version":"v1"}