{"_sessions":{"BR9jecvdGVeKFuUlJx7eCyFB5GP6gfG5OovmwdpwxSU0":{"registrationId":1519272444,"currentRatchet":{"ephemeralKeyPair":{"pubKey":"BdIsSznC0OThwR6dXbfvVcDeSh6zz3p+tNgEN3sdvz1O","privKey":"uD1SDxsEMUGt+6S1eW/STWozyLer0Ov7k0bAtly2ZX0="},"lastRemoteEphemeralKey":"BW29OTP2LdXgKCdueRQn2TG47QLhyFThtLhZMDLNEN1I","previousCounter":0,"rootKey":"8fRWCrS1iXEkJYowxvLvK0ofg5nM5N9YCTw4/kN78lM="},"indexInfo":{"baseKey":"BR9jecvdGVeKFuUlJx7eCyFB5GP6gfG5OovmwdpwxSU0","baseKeyType":2,"closed":-1,"used":1756105290689,"created":1756105290689,"remoteIdentityKey":"BSxhN3/Zc5fl289y/czYkWrCL2ly6Hu6nocq/kbb9wYj"},"_chains":{"BW29OTP2LdXgKCdueRQn2TG47QLhyFThtLhZMDLNEN1I":{"chainKey":{"counter":0,"key":"nAK0VIGVptrn5S3HjxSFwWZjOyPeNZtFTtHLZWCCUak="},"chainType":2,"messageKeys":{}},"BdIsSznC0OThwR6dXbfvVcDeSh6zz3p+tNgEN3sdvz1O":{"chainKey":{"counter":-1,"key":"MWMCYHcbza4gHwPS9muJeAAzqaOAojnT4ciw7VpU20k="},"chainType":1,"messageKeys":{}}}}},"version":"v1"}