{"_sessions":{"BXAonXfRVQ3ic1cuUhMb70gD+3cxgjak9CnwFzVAuRJ/":{"registrationId":939302285,"currentRatchet":{"ephemeralKeyPair":{"pubKey":"BZTE0Jv9JsVWSKRf/7IwoiXejWD/hpKmpd4ojZpJG4dt","privKey":"AJQi5pvERjMVm4ljtwhQKKjuO1QR8jMu7NYLWd/HjV8="},"lastRemoteEphemeralKey":"BSywt4rq1bJqc3LVXsNSh3/G0OjuWqantCIFG7yDbj5a","previousCounter":0,"rootKey":"JssP9nSamz5gfqFuTlcuKHzTAAxAiR2FTSPmxZEIo5k="},"indexInfo":{"baseKey":"BXAonXfRVQ3ic1cuUhMb70gD+3cxgjak9CnwFzVAuRJ/","baseKeyType":2,"closed":-1,"used":1756105346119,"created":1756105346119,"remoteIdentityKey":"BVOMd1u8suWQs1Mnh/YlBcWlZ5sll1riYPJhfSG1Edl8"},"_chains":{"BSywt4rq1bJqc3LVXsNSh3/G0OjuWqantCIFG7yDbj5a":{"chainKey":{"counter":0,"key":"Car7WRm2b6NKc09/0lIbI83fy21g7X5d82EFAFrPhrE="},"chainType":2,"messageKeys":{}},"BZTE0Jv9JsVWSKRf/7IwoiXejWD/hpKmpd4ojZpJG4dt":{"chainKey":{"counter":-1,"key":"xxhDqwvMywWv1WYdOPjyYo3lCevnum2U6GaWvId8qAA="},"chainType":1,"messageKeys":{}}}}},"version":"v1"}