{"_sessions":{"BRP1ULzLz6jhxEuFgT1d3vPTD34F2Y68j6OZkSPhkMhY":{"registrationId":853133131,"currentRatchet":{"ephemeralKeyPair":{"pubKey":"BXF+O05O9HGfKWmjSLeieGjXEYCMTWHzVxBucqXbqcNP","privKey":"WEVp8kJBSdfSTceSWsDppmHbtbCrnHqA31ronEKUCEU="},"lastRemoteEphemeralKey":"BcIuBlXFG5k+0uXDmiXnDnIE3rlVGDvSnRW7pVSSAutk","previousCounter":0,"rootKey":"7pJTXMM8q5dkVv8h1CncJK4AhrJwf4fKMKqITJ4jgF8="},"indexInfo":{"baseKey":"BRP1ULzLz6jhxEuFgT1d3vPTD34F2Y68j6OZkSPhkMhY","baseKeyType":2,"closed":-1,"used":1756105313954,"created":1756105313954,"remoteIdentityKey":"Bc8xiQwJ20gtCXXSIGgUol7yxTnt3zyLbkynkZgKnBRu"},"_chains":{"BcIuBlXFG5k+0uXDmiXnDnIE3rlVGDvSnRW7pVSSAutk":{"chainKey":{"counter":1,"key":"dfWwRNrTUK/RM9xT6r+Idtw+12SnwS6NeakXgxsqkxM="},"chainType":2,"messageKeys":{}},"BXF+O05O9HGfKWmjSLeieGjXEYCMTWHzVxBucqXbqcNP":{"chainKey":{"counter":-1,"key":"Tb1dYmSU9Nl1Av3dEWAuLIRNw6kAJnGhKEw3Zj5bfkM="},"chainType":1,"messageKeys":{}}}}},"version":"v1"}