{"_sessions":{"BZfhzNxhkTP0+CaZw+SAUCfFhn5wCUPMiX0uBnCxK71w":{"registrationId":1477220008,"currentRatchet":{"ephemeralKeyPair":{"pubKey":"BXSyEbB2N7hY9luveZXh3XrBTZVHbMTADi7fXPJAe5Ab","privKey":"EDijKZ/6/7RQMMh2CtElpDBrp5ol4Ym8Km5kGYOm9lI="},"lastRemoteEphemeralKey":"BQ1uicQLKQBrIN6ilsP0yImPfvfixJudHN7MTs3+AKlA","previousCounter":0,"rootKey":"bNnEJP3XZSMHQlMSZCdDZOfJd4WlHYiCvrBX1gVTbfE="},"indexInfo":{"baseKey":"BZfhzNxhkTP0+CaZw+SAUCfFhn5wCUPMiX0uBnCxK71w","baseKeyType":2,"closed":-1,"used":1756105294163,"created":1756105294163,"remoteIdentityKey":"BTh2aXCO15Yssa98/i5+W8kZ2PnWBuci0xRmdNOlyldb"},"_chains":{"BQ1uicQLKQBrIN6ilsP0yImPfvfixJudHN7MTs3+AKlA":{"chainKey":{"counter":1,"key":"1l7vj+0eyRdkIvHkq8NjNoWN9MeLdRt4aN/zEwsJi3Y="},"chainType":2,"messageKeys":{}},"BXSyEbB2N7hY9luveZXh3XrBTZVHbMTADi7fXPJAe5Ab":{"chainKey":{"counter":-1,"key":"wDyWVV2x0QB1v+r2NVFLN43LHwrqIvLa8a/PMZEmqOc="},"chainType":1,"messageKeys":{}}}}},"version":"v1"}