{"_sessions":{"BQaOAkVCMDzuNwxulVTOKmrSwBY3PcR89UcL/swmASh7":{"registrationId":969696588,"currentRatchet":{"ephemeralKeyPair":{"pubKey":"BctLC/A0SW8NqfgieuwSZtynoYE56jrILLDWZ1ViqTJd","privKey":"GMxdhgTrAqOOMgt6W0YKoEQcoZvj7sSeusaKUdcFRUg="},"lastRemoteEphemeralKey":"BTp2JV6LOkI7kk7KgFVAu4Vr1oWjKhYwUL+rSGEoCmYt","previousCounter":0,"rootKey":"FVdzeOcV1b+cxw+4/vsLCudYuQqDAZ0wbnPFDEzFu+w="},"indexInfo":{"baseKey":"BQaOAkVCMDzuNwxulVTOKmrSwBY3PcR89UcL/swmASh7","baseKeyType":2,"closed":-1,"used":1756105290519,"created":1756105290519,"remoteIdentityKey":"BSLcQ1PT+S4yWvGBFgwQyjsXsoQixUT31ed3QID7StMr"},"_chains":{"BTp2JV6LOkI7kk7KgFVAu4Vr1oWjKhYwUL+rSGEoCmYt":{"chainKey":{"counter":2,"key":"xtWKLIQz+g6421iAT+GVIEO0rA6C65IhRcMdV1GuKv4="},"chainType":2,"messageKeys":{}},"BctLC/A0SW8NqfgieuwSZtynoYE56jrILLDWZ1ViqTJd":{"chainKey":{"counter":-1,"key":"gsZaTHy3iXVr18XdN+1POn7oq/re7aUUK9T7i9RAmV0="},"chainType":1,"messageKeys":{}}}}},"version":"v1"}