{"_sessions":{"Be4uEj5mWGSn2ZkR5vGdm6ukGapuV06ZDh1Ha+XCSMMb":{"registrationId":2068211938,"currentRatchet":{"ephemeralKeyPair":{"pubKey":"BWqHb8zC6hp+48xts/lubn3d4C6h9jPV4oKnZPTfNcFt","privKey":"4JRlTYFgg6nELc5Bs/CnRZIVOZQ2B7m7TjTbybY3IlQ="},"lastRemoteEphemeralKey":"BXK+oXhjtXppcKH4NrccpXBQ6x61OIiWrXIpliPPzoME","previousCounter":0,"rootKey":"ydyCA6RjSR/1MGliT4dM1kuFqsxwTMNrR1gUrL77QoM="},"indexInfo":{"baseKey":"Be4uEj5mWGSn2ZkR5vGdm6ukGapuV06ZDh1Ha+XCSMMb","baseKeyType":2,"closed":-1,"used":1755951159001,"created":1755951159001,"remoteIdentityKey":"BUW5Lq041QHMzx869vs3z33waUH7faQ1Fei/j8TUzs9Z"},"_chains":{"BXK+oXhjtXppcKH4NrccpXBQ6x61OIiWrXIpliPPzoME":{"chainKey":{"counter":0,"key":"gr4JLtRusODQD0NdeEjocaQm7mdCCziQrb0DUblNJoo="},"chainType":2,"messageKeys":{}},"BWqHb8zC6hp+48xts/lubn3d4C6h9jPV4oKnZPTfNcFt":{"chainKey":{"counter":-1,"key":"fE/MjhDENO0O+1GHYHx+bVe96EDXB55GXdv20Tr4bLw="},"chainType":1,"messageKeys":{}}}}},"version":"v1"}