{"_sessions":{"BSjsUwFoRVrG2uZvhx4fTGbL+/T9Oti65fwgqFWZ/rs5":{"registrationId":1212387402,"currentRatchet":{"ephemeralKeyPair":{"pubKey":"BZmM+zJXuwqcZEyKHr8XrCFpzeEgrI6hp5gb7ZuuxdFc","privKey":"ALdxxmBUrSiVvZfm9ukWnCWc2PDgqCmI4oL6gQ+GTEM="},"lastRemoteEphemeralKey":"BchwAGSqwusrAKGwl0ROAgvv3PHSE6hohTJHDGtmVHFz","previousCounter":0,"rootKey":"zFJZiGZ986/v2bUH25Ng9AF3fxupikTXgfyXj0BrDJE="},"indexInfo":{"baseKey":"BSjsUwFoRVrG2uZvhx4fTGbL+/T9Oti65fwgqFWZ/rs5","baseKeyType":2,"closed":-1,"used":1756105323254,"created":1756105323254,"remoteIdentityKey":"BXlPQQQwP/VjSI9HtM+56F9T/maJx/w7KIPE4b3XXV09"},"_chains":{"BchwAGSqwusrAKGwl0ROAgvv3PHSE6hohTJHDGtmVHFz":{"chainKey":{"counter":0,"key":"OAiZynmqhbyEb1o2VCSSpMZzE4j3RMAynCi7hLUAr3k="},"chainType":2,"messageKeys":{}},"BZmM+zJXuwqcZEyKHr8XrCFpzeEgrI6hp5gb7ZuuxdFc":{"chainKey":{"counter":-1,"key":"OE3f+KXAY7J9z17FTnm0UkL+GuWAR6nJ3tuNVHi9eq8="},"chainType":1,"messageKeys":{}}}}},"version":"v1"}