{"_sessions":{"BRN1xMya//ejx2WEMk/KZm0Jm4riyjW5Gpnb8zCkYcI0":{"registrationId":1655475278,"currentRatchet":{"ephemeralKeyPair":{"pubKey":"Bb6rOsAtuBDPiZ3+eZC4ovUJkcFwAcLTqwDVwW26x3YK","privKey":"QE0ZhZ0XST/2cTgC5JPT6vYauFevntMb5ld+C8RxGXQ="},"lastRemoteEphemeralKey":"BSbxuFyOrT56sHadEAAXtTXGBJMOECJL4nTfSgyLu6BX","previousCounter":0,"rootKey":"0f0bEQxGH79nOuRjynJ7aTdLM5x5x1SyuU/4RG+FJ1A="},"indexInfo":{"baseKey":"BRN1xMya//ejx2WEMk/KZm0Jm4riyjW5Gpnb8zCkYcI0","baseKeyType":2,"closed":-1,"used":1756105294358,"created":1756105294358,"remoteIdentityKey":"BVH7D2ka/EoRbLJTQnAxNvg/5JEz1MHqbYKs3S8cNLMq"},"_chains":{"BSbxuFyOrT56sHadEAAXtTXGBJMOECJL4nTfSgyLu6BX":{"chainKey":{"counter":1,"key":"c3FXmqmu1P31ynaCxk/5nEgh9806trG5nVfMkX5BBOQ="},"chainType":2,"messageKeys":{}},"Bb6rOsAtuBDPiZ3+eZC4ovUJkcFwAcLTqwDVwW26x3YK":{"chainKey":{"counter":-1,"key":"8YZ2ZFXkcq7VS5YiSuaEg8bzr9CCvIVp2BnPQGZYN2k="},"chainType":1,"messageKeys":{}}}}},"version":"v1"}