{"_sessions":{"BURUPxMg+EGn+8RBUdGJTE6OKcwIOOqAxAlP4duVaGhr":{"registrationId":1014182016,"currentRatchet":{"ephemeralKeyPair":{"pubKey":"BaMNdzt6pMGZBqOYy3QXSYUE/4i2f2V9mViSFAtVuN53","privKey":"MMrYfn00y5ScvcwRpyrL6mts4/fXgyw9oFc4I6zFkk4="},"lastRemoteEphemeralKey":"BQdPXEiankQVDeLTSvkkgWrgx5TRkUm94iAnmZOoz0ZY","previousCounter":0,"rootKey":"JupLTcdxH6UjuDWfaa+TTRzXULOYAj101SGPnceC6lA="},"indexInfo":{"baseKey":"BURUPxMg+EGn+8RBUdGJTE6OKcwIOOqAxAlP4duVaGhr","baseKeyType":2,"closed":-1,"used":1756105307271,"created":1756105307271,"remoteIdentityKey":"BVZCFD3ev+2EDxR1cu5IT6DOrZdkwuUBQziJR0Av6tpp"},"_chains":{"BQdPXEiankQVDeLTSvkkgWrgx5TRkUm94iAnmZOoz0ZY":{"chainKey":{"counter":1,"key":"Fryh6/8ZLr+C7ccF9W3LsMcThfjgoBENVYMK4NUMX8A="},"chainType":2,"messageKeys":{}},"BaMNdzt6pMGZBqOYy3QXSYUE/4i2f2V9mViSFAtVuN53":{"chainKey":{"counter":-1,"key":"p+dIzhS/TRBx+39tyV2ekpq2qe28Po6+J7Q+ReHZ0DQ="},"chainType":1,"messageKeys":{}}}}},"version":"v1"}