{"_sessions":{"BaphAONAlq/KfgFZCaYIBj4rOpZ/FH9Ll3FOcm/vceJb":{"registrationId":120781959,"currentRatchet":{"ephemeralKeyPair":{"pubKey":"BfCF6EyCWjJyUDRbYVgFIuVLSjOSqgokO+91GCcS+iZL","privKey":"YA1pbgnjIPFY99oofrlEdiUCWr1RhVquLJ+OQF96JF8="},"lastRemoteEphemeralKey":"BbDvP2g3EzI3tUIqVZYIe/7fJclxQhzE9EqUlxbBieIF","previousCounter":0,"rootKey":"jcR8q4yJ4zQh+pdjGE173L8K2773CrYhLKesjL+1NHs="},"indexInfo":{"baseKey":"BaphAONAlq/KfgFZCaYIBj4rOpZ/FH9Ll3FOcm/vceJb","baseKeyType":2,"closed":-1,"used":1756105339186,"created":1756105339186,"remoteIdentityKey":"BXCn6Sx5ecmFKp1WVfPagW2uhw85PdDxGl8EtpaN6Dkp"},"_chains":{"BbDvP2g3EzI3tUIqVZYIe/7fJclxQhzE9EqUlxbBieIF":{"chainKey":{"counter":3,"key":"xQbcfAaaNX+rwY4+s0gncsHaZ04a/t97LpyOe9wU14Q="},"chainType":2,"messageKeys":{}},"BfCF6EyCWjJyUDRbYVgFIuVLSjOSqgokO+91GCcS+iZL":{"chainKey":{"counter":-1,"key":"k/hxCDaIPcOSh6unjiOxNFuFp358UiKS1kYujYx6Mvk="},"chainType":1,"messageKeys":{}}}}},"version":"v1"}