{"_sessions":{"Bb/guaDNvv4VcUQVABI/SUzsMLs/UqdbtsDcsYLA9HFg":{"registrationId":1267384053,"currentRatchet":{"ephemeralKeyPair":{"pubKey":"BaHqxqO8e+7yGxghFoqVuSHgyNbTGtJ5DVlSAMpKBHhz","privKey":"MM/0lfW730sWwZ+RcG3trpz9j/f8Sd5NZ6j7lwDFAXU="},"lastRemoteEphemeralKey":"BaNTfGUMtK6Gx1uf66RkoI+SFvYBF0oFpOqGp29txc9y","previousCounter":0,"rootKey":"eLqy94zhX7fxindpf05jINFIOjolrMQR4T3ZejPZ37c="},"indexInfo":{"baseKey":"Bb/guaDNvv4VcUQVABI/SUzsMLs/UqdbtsDcsYLA9HFg","baseKeyType":2,"closed":-1,"used":1756105291597,"created":1756105291597,"remoteIdentityKey":"BTDVBl1XLjADenOTRT5x6DSyv5kp0rRJMNSfriBzXNQn"},"_chains":{"BaNTfGUMtK6Gx1uf66RkoI+SFvYBF0oFpOqGp29txc9y":{"chainKey":{"counter":0,"key":"yjhQr5A5h8FqnNDiZfavPT+MzFz2GK/8i+WzwrP4L4E="},"chainType":2,"messageKeys":{}},"BaHqxqO8e+7yGxghFoqVuSHgyNbTGtJ5DVlSAMpKBHhz":{"chainKey":{"counter":-1,"key":"v3NfTj8E/fqe+eIK4QUaY/AKYtiWwL8SSPTp2aEeSJw="},"chainType":1,"messageKeys":{}}}}},"version":"v1"}