{"_sessions":{"BUIolZ/Rurq53gI7t1vAajS/Uodiss7nkaY496kJqJgt":{"registrationId":1656195205,"currentRatchet":{"ephemeralKeyPair":{"pubKey":"BQ8TY5vHpApnGwf4fEYY0/2HVJw71r/gQQrkuUmOqIt3","privKey":"WFl9J2N6U5qog9A3ReA29Xb5rPmVQMr7JAm2ZjZnI3U="},"lastRemoteEphemeralKey":"BSYNy494wmlGQPQTuWOfYQnmFwqCDb8xwhkcwh4x8bAS","previousCounter":0,"rootKey":"X+9OMzh/D56NZCITpfzatsfubCWXio1jNlLNvyBfyp4="},"indexInfo":{"baseKey":"BUIolZ/Rurq53gI7t1vAajS/Uodiss7nkaY496kJqJgt","baseKeyType":2,"closed":-1,"used":1756105295225,"created":1756105295225,"remoteIdentityKey":"Bcz/HQA7yVWunl8BCtoymb69fbmSYJL/xJkGkt1SrnAe"},"_chains":{"BSYNy494wmlGQPQTuWOfYQnmFwqCDb8xwhkcwh4x8bAS":{"chainKey":{"counter":0,"key":"uI9YTQTtjQjr3Z0zfBwx0BTHgfJcQq22hbPphDVMHw8="},"chainType":2,"messageKeys":{}},"BQ8TY5vHpApnGwf4fEYY0/2HVJw71r/gQQrkuUmOqIt3":{"chainKey":{"counter":-1,"key":"CIXI1B5xQ7mO+rcTd652z0cTXpST9xi9E560L5U8Hy0="},"chainType":1,"messageKeys":{}}}}},"version":"v1"}