{"_sessions":{"BZP3kfkqsVi8rfueVRlflh8HCUnQRldpP+FeHu+6M0F7":{"registrationId":81009476,"currentRatchet":{"ephemeralKeyPair":{"pubKey":"BfbqXpLmvWCmbpedZ8nDCw2FYa2yef5+OOottj8wMiM8","privKey":"iNqrJsAl4cIIl+rG4hmRPdpznMO/lwttI7oivp50gWs="},"lastRemoteEphemeralKey":"BSMyXjGBJx0YDaEXR2RGAQ+KSLyxaVz01HO7fiR2nP0H","previousCounter":0,"rootKey":"8JJm2PDNwc2aKa470MdUt4/L7tu8GbXL2GPSIjnPmgM="},"indexInfo":{"baseKey":"BZP3kfkqsVi8rfueVRlflh8HCUnQRldpP+FeHu+6M0F7","baseKeyType":2,"closed":-1,"used":1756105305466,"created":1756105305466,"remoteIdentityKey":"BaXuUQ1O+lP/EbTqj2S3MZB1ZuGp5F07CiKk+owEc0l4"},"_chains":{"BSMyXjGBJx0YDaEXR2RGAQ+KSLyxaVz01HO7fiR2nP0H":{"chainKey":{"counter":1,"key":"WOWBSvLASY3aYAb9Tv8MlitYAKDYsVxNRcXwGW+7Ark="},"chainType":2,"messageKeys":{}},"BfbqXpLmvWCmbpedZ8nDCw2FYa2yef5+OOottj8wMiM8":{"chainKey":{"counter":-1,"key":"HYU7H/QaBZJ0JcsrtKhtePk5kbRndLnubcfXy9b89YA="},"chainType":1,"messageKeys":{}}}}},"version":"v1"}