{"_sessions":{"BSacIaZLhAadcfM5POy2GERqB8uWc46jjqy3FGGdL89c":{"registrationId":956717425,"currentRatchet":{"ephemeralKeyPair":{"pubKey":"BWFxWxuHn4RvSsqVtxZvWAS1pJ4genLRWzXxZg5RsLwu","privKey":"GN9oilG7jioQlcEHhPWFpUqTar1GihMevZ+DA+kdbnY="},"lastRemoteEphemeralKey":"BRjnBJAJU99ajoV7pEDj6o2tdWOylXSfbc56lDg8r2MN","previousCounter":0,"rootKey":"Hz7go/XQA1jl+05KXiee0loMotZ7wGMga0nFNaEHBA8="},"indexInfo":{"baseKey":"BSacIaZLhAadcfM5POy2GERqB8uWc46jjqy3FGGdL89c","baseKeyType":2,"closed":-1,"used":1756105337316,"created":1756105337316,"remoteIdentityKey":"BSjbbSPVts23ZcAY4oMMMe1tjnAQyR3Q7DOt+DICs7ci"},"_chains":{"BRjnBJAJU99ajoV7pEDj6o2tdWOylXSfbc56lDg8r2MN":{"chainKey":{"counter":0,"key":"Xu65k3AkVnOA4NfAaaTWs3rUvGS9PMY6dv8deazlJlo="},"chainType":2,"messageKeys":{}},"BWFxWxuHn4RvSsqVtxZvWAS1pJ4genLRWzXxZg5RsLwu":{"chainKey":{"counter":-1,"key":"3kvEk7MmOt9MK2EIyCrAiHxYMeZOZxzKWCbEqdNFOtc="},"chainType":1,"messageKeys":{}}}}},"version":"v1"}