{"_sessions":{"BQwNzCx17bYSV1OGe92iSexLzuClLX7kmbkNOBslXIsJ":{"registrationId":1773242476,"currentRatchet":{"ephemeralKeyPair":{"pubKey":"BZX+Pq8fzWcgrg0Q/5IUmK25IUMGZA2wG7Zy12vOiepy","privKey":"YPKLN7+22Xwlods8BO4k13MITMw6F0Uu4JNSt9ZkUVU="},"lastRemoteEphemeralKey":"Bbls6FHq2jH1Q4BYetbGqHpck/DvybZMttcVbR6KS8IX","previousCounter":0,"rootKey":"prZDm9hy+4YgI3WCLacmnDqYhJY4Qg7hy9EKDRN2jAY="},"indexInfo":{"baseKey":"BQwNzCx17bYSV1OGe92iSexLzuClLX7kmbkNOBslXIsJ","baseKeyType":2,"closed":-1,"used":1756105303714,"created":1756105303714,"remoteIdentityKey":"BYLh+cb8RjHtx91gibmwrCFo26XrAq/oDbKyG3ine0Vk"},"_chains":{"Bbls6FHq2jH1Q4BYetbGqHpck/DvybZMttcVbR6KS8IX":{"chainKey":{"counter":1,"key":"pMHEX6Xyy6HHdnxxrEjhn+OIOotNyhs8r8kULHUb7uU="},"chainType":2,"messageKeys":{}},"BZX+Pq8fzWcgrg0Q/5IUmK25IUMGZA2wG7Zy12vOiepy":{"chainKey":{"counter":-1,"key":"jYDihbOXj/3n935OiTEkopCietsM8gSMV5hI2Fbx6mE="},"chainType":1,"messageKeys":{}}}}},"version":"v1"}