{"_sessions":{"BRuM2fGUjnjUVdhWSmaJ9JrEOXK6YjFDKwIiIjGw7wpY":{"registrationId":1895536493,"currentRatchet":{"ephemeralKeyPair":{"pubKey":"BbA7iYeHUfZLX3rt0ARBKHuw/wtufXAWP19IG14oeggE","privKey":"OGUyy97HreSWn26FmSS1WNWgfaXqQlL/Ws31S7pBTnk="},"lastRemoteEphemeralKey":"BV+NoMqr5tLmhSSNF12vwJVbAPDqx+nwlEj27uah6FZM","previousCounter":0,"rootKey":"BPh0fn/z5/jmf2//i5nT55E5Igv7F6Ri+xilZyRP5sk="},"indexInfo":{"baseKey":"BRuM2fGUjnjUVdhWSmaJ9JrEOXK6YjFDKwIiIjGw7wpY","baseKeyType":2,"closed":-1,"used":1756105304895,"created":1756105304895,"remoteIdentityKey":"BZyqmDXnew4nsbdKXqWrALQgyfSH18uysJiuuxNkLEAA"},"_chains":{"BV+NoMqr5tLmhSSNF12vwJVbAPDqx+nwlEj27uah6FZM":{"chainKey":{"counter":1,"key":"9f18M2HS0YbAWuSBnEi4NJtP61Z4+dCP47Y1i9PH7sg="},"chainType":2,"messageKeys":{}},"BbA7iYeHUfZLX3rt0ARBKHuw/wtufXAWP19IG14oeggE":{"chainKey":{"counter":-1,"key":"U87lZD3xJPZL61qKmFl5BMQrJ2yaPkLfllgOqEXvF+c="},"chainType":1,"messageKeys":{}}}}},"version":"v1"}