{"_sessions":{"BbFd+HdVr97lBhauXuT+eLhQfN3p1hAs8M3hQq2DWfd4":{"registrationId":1136476104,"currentRatchet":{"ephemeralKeyPair":{"pubKey":"BR3KV/AN5YjE0kzsRGHryfFxLjnnRrd8kqeVsSkZtnNO","privKey":"EFs0ITu4HNIg6CI/+k/EBebG/qYH4lB6QVA8VvbKUnQ="},"lastRemoteEphemeralKey":"BeYYzxLJi/hPgC73Wqltwpvy1xjz+ChvGYFCWBm45LYF","previousCounter":0,"rootKey":"PZEJMSKCNuYiETkkUoPnqVKsfNd7NbzS06R9fS41sG4="},"indexInfo":{"baseKey":"BbFd+HdVr97lBhauXuT+eLhQfN3p1hAs8M3hQq2DWfd4","baseKeyType":2,"closed":-1,"used":1756105294075,"created":1756105294075,"remoteIdentityKey":"BarHhCrD0aIvCKMrjIPr2C/+1/GQmW7b1FSEYKJwjnIA"},"_chains":{"BeYYzxLJi/hPgC73Wqltwpvy1xjz+ChvGYFCWBm45LYF":{"chainKey":{"counter":0,"key":"7Ab8j44tKIyIxPh9KsrSBCTu4bYLFUoluSHEeVo3Zks="},"chainType":2,"messageKeys":{}},"BR3KV/AN5YjE0kzsRGHryfFxLjnnRrd8kqeVsSkZtnNO":{"chainKey":{"counter":-1,"key":"U67Si9mqAv5M8KLUgWEHT+pBOgclRcAOQcsSH4h8u0g="},"chainType":1,"messageKeys":{}}}}},"version":"v1"}