{"_sessions":{"BTnQpkn+t1T+pM4QKeQEkalnGrweh71ApYyuB5jaq7MG":{"registrationId":271445872,"currentRatchet":{"ephemeralKeyPair":{"pubKey":"BX82FYRXTahNTWSlYc4gfkVOoOcTqTaRzrnFmMaOzdR3","privKey":"4GifAW3d5dSvcFnd9ssTW0t7/iGvQ4v9FDJcFzJoNVY="},"lastRemoteEphemeralKey":"BVYmdqC3FV5B+4vd7GeD5XdLsaf3xdTkRYhCRd4gqiYy","previousCounter":0,"rootKey":"WxKgP2x4iYDMyImS0HT0MomtDLdTB8vbwZWkyES1Z4w="},"indexInfo":{"baseKey":"BTnQpkn+t1T+pM4QKeQEkalnGrweh71ApYyuB5jaq7MG","baseKeyType":2,"closed":-1,"used":1756105313434,"created":1756105313434,"remoteIdentityKey":"BSg6S7iHRCr7ygbUrDVQ56U17J+6hP0RSnyxcDY8jtJ5"},"_chains":{"BVYmdqC3FV5B+4vd7GeD5XdLsaf3xdTkRYhCRd4gqiYy":{"chainKey":{"counter":5,"key":"Vt+LzzV2aQ5dPIUlZJx6hSUZFO3Axu0w2hvXBh2Uv+Y="},"chainType":2,"messageKeys":{"0":"zJ1ag93YD0ucVVV12xy2/fKkSOJDG6Y7dhdkm7H6qS0=","1":"zrxFkm3cuZrvvhxfhlDLEUZfPcHxP0VomPZmxU5SqUE=","2":"ojG6iwhz0b8VzQQqh4rcIoDQN6IG3PTPWT7ZdGhmvvA=","3":"cwT2hFgv3DZKm4q14J+W0VJr8lZnuws7cE1zhk2bEHs=","4":"mtArKg8AbCTBc0K8IttUsLLdUfF80mDiCdN7fJdLs74="}},"BX82FYRXTahNTWSlYc4gfkVOoOcTqTaRzrnFmMaOzdR3":{"chainKey":{"counter":-1,"key":"D9zwJJaMkOuGWGsvL3FonvefgWa7wjKmckDUZQqGDsk="},"chainType":1,"messageKeys":{}}}}},"version":"v1"}