{"_sessions":{"BesBEv/uh01Cdu8S0VExjQtwSFWbA978+qx5/ScsNK0x":{"registrationId":1930179038,"currentRatchet":{"ephemeralKeyPair":{"pubKey":"BXvNsYqUG8wuayu1rGvbVHm6ka3ZiFI0jPp69ifTyW8K","privKey":"aMNots0TWfV2oBIZCs0DHrdH0kbCgNRctTkVVAcFZlg="},"lastRemoteEphemeralKey":"BWOZ5hDBw2c8WZPyhZS3AHDKsomhBIwuPx1lggdqvYx1","previousCounter":0,"rootKey":"/nKp6z2vIU7gjd2qnaryQgodjm68ha4zA1i1m3QXwt8="},"indexInfo":{"baseKey":"BesBEv/uh01Cdu8S0VExjQtwSFWbA978+qx5/ScsNK0x","baseKeyType":2,"closed":-1,"used":1756105556082,"created":1756105556082,"remoteIdentityKey":"BUxZrbgBIRDN6OaC3V7dJ1yCvkaM5miEuw5U2/oPu0Vm"},"_chains":{"BWOZ5hDBw2c8WZPyhZS3AHDKsomhBIwuPx1lggdqvYx1":{"chainKey":{"counter":3,"key":"8Gce25vYjoVeONhPpkJnsMjyAFEG5+lt0GRqf/gnULg="},"chainType":2,"messageKeys":{"0":"5RXiEHXFRyvzVyjPyZ9Id+ADQh43XDE9pkhvh0FDZqI="}},"BXvNsYqUG8wuayu1rGvbVHm6ka3ZiFI0jPp69ifTyW8K":{"chainKey":{"counter":-1,"key":"IcNimhawgDFmDNa1wONoYgYq7DnJEKL7X4g61qkIvgU="},"chainType":1,"messageKeys":{}}}}},"version":"v1"}