{"_sessions":{"BUnm/BfvOKVRKq0DNHRZVZmimUsmzMwFngwhhS+BAtIA":{"registrationId":892282460,"currentRatchet":{"ephemeralKeyPair":{"pubKey":"BX/Z9elpq+JXD/bM0q0mEjQ8d/Iq+AnwcGftz9BirP5/","privKey":"+AT7khp78GM36QkTu8vkQfjgTn/J6NICkInT+j0o8lQ="},"lastRemoteEphemeralKey":"BVWnWokjumE+bTSquB+y86LOf/ImRImUDmdUX7khps8N","previousCounter":0,"rootKey":"lg9hjhLXN23wqMAfQh3cjPgtBeOJ7RjOq2mtrwnMW7M="},"indexInfo":{"baseKey":"BUnm/BfvOKVRKq0DNHRZVZmimUsmzMwFngwhhS+BAtIA","baseKeyType":2,"closed":-1,"used":1756105332724,"created":1756105332724,"remoteIdentityKey":"BV46IUIPMb4s+UFPUA7t8eD3wvzy295TKZoKWvAXXh4K"},"_chains":{"BVWnWokjumE+bTSquB+y86LOf/ImRImUDmdUX7khps8N":{"chainKey":{"counter":0,"key":"H0VSkvE/AS/4pmeqBPV6YgjWDIqd1YtIfRHbGj/U21E="},"chainType":2,"messageKeys":{}},"BX/Z9elpq+JXD/bM0q0mEjQ8d/Iq+AnwcGftz9BirP5/":{"chainKey":{"counter":-1,"key":"YWvrG8ly3cHPTOX0HJVHbr8HLxTcAOnF+WF3RCGKO78="},"chainType":1,"messageKeys":{}}}}},"version":"v1"}