{"_sessions":{"BVuQbvwxm9HKzD8vSYal+SwEy7qn8UZZkFHQDgET0lR0":{"registrationId":294279408,"currentRatchet":{"ephemeralKeyPair":{"pubKey":"BTcPa2C2ydcTvTTCegg8m96yLi62tvxTqToJ3ZRL3Kl6","privKey":"wAS5DRgWY5tCdP9a+9PQ4ejJ9aGOCS0iP1XVn7849kI="},"lastRemoteEphemeralKey":"BYzf4anijGkMy5qNPDPlTn+R/I2dKryal1MNTiicIKIN","previousCounter":0,"rootKey":"0/lvGSCbYOiRBU6AqP2x+gYxwjm5bGvFDLwbTzEpJJI="},"indexInfo":{"baseKey":"BVuQbvwxm9HKzD8vSYal+SwEy7qn8UZZkFHQDgET0lR0","baseKeyType":2,"closed":-1,"used":1756105326643,"created":1756105326643,"remoteIdentityKey":"BWCaSDrXGc/a6fSAChCB+cnRquQfrLQrL6k6x5Y7BBFq"},"_chains":{"BYzf4anijGkMy5qNPDPlTn+R/I2dKryal1MNTiicIKIN":{"chainKey":{"counter":0,"key":"qXz4U3xmwYZXtABW4BnC8LpS0tN6RYpbbnw+sDS1Xy8="},"chainType":2,"messageKeys":{}},"BTcPa2C2ydcTvTTCegg8m96yLi62tvxTqToJ3ZRL3Kl6":{"chainKey":{"counter":-1,"key":"ebaO9QjvSfB7TFiGI2ts/nAYp4tbMkqG2sDPZssTJSY="},"chainType":1,"messageKeys":{}}}}},"version":"v1"}