{"_sessions":{"BYBVYkpHDG3yMDqp8/qOCe3czh5hkMu1uzQyl1PfNoM5":{"registrationId":1456751650,"currentRatchet":{"ephemeralKeyPair":{"pubKey":"BabFxn6KBy5zip0fsd85vhfafw+ZbnGuYbt7fk4kGk0u","privKey":"0HHq1TbvxAInCJYKKdyarttiD5Piage5sMnW6DqAOG0="},"lastRemoteEphemeralKey":"BagXWpBdNz8RM6pxR9M2HlMHt46ZIP4Iw1SwdE/b+oZZ","previousCounter":0,"rootKey":"FefI8WprPGpu1zen7PN/i1bOEaN+mbO9yBAtpqrfzdk="},"indexInfo":{"baseKey":"BYBVYkpHDG3yMDqp8/qOCe3czh5hkMu1uzQyl1PfNoM5","baseKeyType":2,"closed":-1,"used":1756105295335,"created":1756105295335,"remoteIdentityKey":"BT9CJcGlUKLtlXWAUKt79j8LycM+WTFa/DwaPYCnIBYr"},"_chains":{"BagXWpBdNz8RM6pxR9M2HlMHt46ZIP4Iw1SwdE/b+oZZ":{"chainKey":{"counter":1,"key":"yM7Q7c7aCGB6ItoHX+XHWy8kNcPidOLs/jSYkgm03Tg="},"chainType":2,"messageKeys":{}},"BabFxn6KBy5zip0fsd85vhfafw+ZbnGuYbt7fk4kGk0u":{"chainKey":{"counter":-1,"key":"C0IbNHycZeeR6v0x/CLtzDjK/X8D6xs7wqiZPJgJ/Mo="},"chainType":1,"messageKeys":{}}}}},"version":"v1"}