{"_sessions":{"BS387LhQ2bYXkkeBioiNq1T3bPeLBfZIfAXZtD55T00d":{"registrationId":1917432382,"currentRatchet":{"ephemeralKeyPair":{"pubKey":"Be+1SYhrf5T+eBnD/fe5eJEAkpI7O7xL14H9McTnwyY0","privKey":"CFDfCnh8Nriao+qa2dItIX+7baK26PY+7+TqLnG7cHE="},"lastRemoteEphemeralKey":"BZFJOkNYmgbo85pNV+LN3NLwLczrtIfpBVv760Jfn85o","previousCounter":0,"rootKey":"RIBNO86F53M4Xi1e0JV+2cIXBajt9LjKD4ZWk1VW3wg="},"indexInfo":{"baseKey":"BS387LhQ2bYXkkeBioiNq1T3bPeLBfZIfAXZtD55T00d","baseKeyType":2,"closed":-1,"used":1756105304587,"created":1756105304587,"remoteIdentityKey":"BVK4T8Q24jgPS/e9k0ZNpmJJF5TOZHS9PR9nLUvqPYse"},"_chains":{"BZFJOkNYmgbo85pNV+LN3NLwLczrtIfpBVv760Jfn85o":{"chainKey":{"counter":2,"key":"AOpF+fQAjsvfJOv0p5EEA9CDGp+vtpUvDw5WjbjE62c="},"chainType":2,"messageKeys":{}},"Be+1SYhrf5T+eBnD/fe5eJEAkpI7O7xL14H9McTnwyY0":{"chainKey":{"counter":-1,"key":"ChPjkkt78T67ZdNzLYj+gnvDOsvMSERklwxy93vdME8="},"chainType":1,"messageKeys":{}}}}},"version":"v1"}