{"_sessions":{"BTtavwonFkQN8X/jx+6M3JfSlxK4g1QBM23Vp0BuuC8Z":{"registrationId":1512052886,"currentRatchet":{"ephemeralKeyPair":{"pubKey":"BfdTHQ3cHB52qskD08uWs7OJ6VdmLkHPwRp1Gb6heHYv","privKey":"IDhe7ikbMqGx8bf4io0dU0X4Wp5JzSwNdcplh1KZBVI="},"lastRemoteEphemeralKey":"BdHkUzL9To1681CJ3DZIu9baMwOsRN9leH3KWLOWP7Bu","previousCounter":0,"rootKey":"JttHHsDK04Jeo/5Cu2P1iP4eQDADpPfWZ1N3pnFuYeo="},"indexInfo":{"baseKey":"BTtavwonFkQN8X/jx+6M3JfSlxK4g1QBM23Vp0BuuC8Z","baseKeyType":2,"closed":-1,"used":1756105294743,"created":1756105294743,"remoteIdentityKey":"BSeT3UpcQX7PkmEcVypWexPUPvyiqHITeQl26dO09cVn"},"_chains":{"BdHkUzL9To1681CJ3DZIu9baMwOsRN9leH3KWLOWP7Bu":{"chainKey":{"counter":0,"key":"Wse9EFiCv6kuhPyvjDrTgcCLYcgm5tbURt9wllA+hnE="},"chainType":2,"messageKeys":{}},"BfdTHQ3cHB52qskD08uWs7OJ6VdmLkHPwRp1Gb6heHYv":{"chainKey":{"counter":-1,"key":"sR/oAKIMme/uduhDrZCQKs+qpLK9I3Ig9w2oK6taR5c="},"chainType":1,"messageKeys":{}}}}},"version":"v1"}