{"_sessions":{"BdSHIlvCrI2VMMzc2yzlsYPR1gzHRr6E4ehvW5Tobe88":{"registrationId":194442131,"currentRatchet":{"ephemeralKeyPair":{"pubKey":"BVGauYDHqbpu4MD6tgosbEs4HegGHr++wntQOWEHs45G","privKey":"EG4g0iRsvJJbKf+zjKHQfGmTjNjLySNWyNlUItd9sFw="},"lastRemoteEphemeralKey":"Bfw0cC5Ssw91RKUVO1PJhOO40GlyqEyr8NZuUXU3bcJa","previousCounter":0,"rootKey":"u+GQz1bEDr4VFz8RFCeO8mRLet12Rmjk4iu1YSULvQM="},"indexInfo":{"baseKey":"BdSHIlvCrI2VMMzc2yzlsYPR1gzHRr6E4ehvW5Tobe88","baseKeyType":2,"closed":-1,"used":1756105297230,"created":1756105297230,"remoteIdentityKey":"Bdm1PAm61jHhCzrjHzwe3ZIAyDPm7eFG0gJhWGer+ONu"},"_chains":{"Bfw0cC5Ssw91RKUVO1PJhOO40GlyqEyr8NZuUXU3bcJa":{"chainKey":{"counter":4,"key":"jEO0eixVWUlfGJXT/RHe4hXdDDwc+EwQOyigFVAwxTw="},"chainType":2,"messageKeys":{"0":"8Zdv16fK+Ug5XRwesKTak0jyBh7ONSziOX3L5Gw7Yio=","1":"gpiLsq0ZLqmA+nTU1Mh7vt85s7ejMPtoVOBF2fx1yw0="}},"BVGauYDHqbpu4MD6tgosbEs4HegGHr++wntQOWEHs45G":{"chainKey":{"counter":-1,"key":"/1UqK1wP+mYYdZWMi86eza+Rqy/BoY0zzw8O2aBdz7o="},"chainType":1,"messageKeys":{}}}}},"version":"v1"}