{"_sessions":{"BcfwOQEkiC5j9XwA4SbRs4VyYo5Sq0yGoGU7Y872K64w":{"registrationId":470385207,"currentRatchet":{"ephemeralKeyPair":{"pubKey":"Bf4k9VGCdp40eW5MbOOFJKat59tF7GnJms8LnHiw0KUh","privKey":"UBctJWAZBUbrV+HTkcukJ18GF1JWfoICwBuOtUCyCG4="},"lastRemoteEphemeralKey":"BSWp4prN6mtiOeZkdZkIsFYzyZv6MBrLCjGX9pAgzjIs","previousCounter":0,"rootKey":"Fe9bM9aSKAisDM9dv/xzw2V3DWQkRTPW6ycruAhCBIw="},"indexInfo":{"baseKey":"BcfwOQEkiC5j9XwA4SbRs4VyYo5Sq0yGoGU7Y872K64w","baseKeyType":2,"closed":-1,"used":1756105299229,"created":1756105299229,"remoteIdentityKey":"Bf9mmbxoqX/zd/zovYtIqpqs66vm2ROun1oIKY8SKUh/"},"_chains":{"BSWp4prN6mtiOeZkdZkIsFYzyZv6MBrLCjGX9pAgzjIs":{"chainKey":{"counter":0,"key":"BIegLIUzUc6FzKdLxr90iqCutPMRAv91l3b7F38EZak="},"chainType":2,"messageKeys":{}},"Bf4k9VGCdp40eW5MbOOFJKat59tF7GnJms8LnHiw0KUh":{"chainKey":{"counter":-1,"key":"kBEDXWeXRv79qTYiT+sq2fYfnEkLEmSlCpppvWlHr/k="},"chainType":1,"messageKeys":{}}}}},"version":"v1"}