{"_sessions":{"BY20WCgRDR7EWPwFyS2qhGep7QAESWB801S69QblJRRv":{"registrationId":1139437121,"currentRatchet":{"ephemeralKeyPair":{"pubKey":"BXyShiVvGs7SPoSPePAXDytN9w3+EIN2BIGqRiAGNstR","privKey":"UCJRK3h3FVEaa75cv96dmyA4Eyf9OFfmcGqC/dkCYnY="},"lastRemoteEphemeralKey":"BdKDujyim/8iLjBnL+BYfwwpLw3OYiRKn5I+8ARqxGp2","previousCounter":0,"rootKey":"26slbAT5hZv9ZgMj0JDVrGqjsr/g2Yr8oLZohxyowpE="},"indexInfo":{"baseKey":"BY20WCgRDR7EWPwFyS2qhGep7QAESWB801S69QblJRRv","baseKeyType":2,"closed":-1,"used":1756105294037,"created":1756105294037,"remoteIdentityKey":"Beakm9rFN6GlZNUMc7iTTSHv00v6TxecZhB7ZmQLbp9F"},"_chains":{"BdKDujyim/8iLjBnL+BYfwwpLw3OYiRKn5I+8ARqxGp2":{"chainKey":{"counter":4,"key":"3wxwyCP7dnueRfFFjncvrZdhyF6bPsTM4jCT96xQ6+0="},"chainType":2,"messageKeys":{"0":"MNtGvxtCHCQ8MD2D4B3Bf3i26wAjbEVpIIxVKkm5R7E=","3":"uwhcmQBa5BZPZt5cI78of2XLMmww4KnbQQxFYpGyMa4="}},"BXyShiVvGs7SPoSPePAXDytN9w3+EIN2BIGqRiAGNstR":{"chainKey":{"counter":-1,"key":"KKf0WvsDV2Dg8sRtx5SyU8Unb+BAKLO/SeMf5Xv+zjE="},"chainType":1,"messageKeys":{}}}}},"version":"v1"}