{"_sessions":{"Be+q3u7XvnShUAusSQlkHa07vmBxqVZxoHaPWKwpshRA":{"registrationId":1622759558,"currentRatchet":{"ephemeralKeyPair":{"pubKey":"BaROYcbpWyl6VSKdhbRalI9y78Fc7ItJFbi0EiDUP48e","privKey":"OCADfoJFCWX3puXiWxIRa6zKLi1c0vhvSKdjXeGm1HI="},"lastRemoteEphemeralKey":"BQ+gAe8LJBdho2Fh4kE4kkP7SYmVBUAZaSuh9H+Ihqxx","previousCounter":0,"rootKey":"/T7OmTUa6FvZmNQ7qVIO1Q5nXcPwGXxq3YpYMa2ag2M="},"indexInfo":{"baseKey":"Be+q3u7XvnShUAusSQlkHa07vmBxqVZxoHaPWKwpshRA","baseKeyType":2,"closed":-1,"used":1756105294906,"created":1756105294906,"remoteIdentityKey":"BciK1Ub+N35+HnlmUyjehpjizZP7+4sbUZEEhS8Q9oNv"},"_chains":{"BQ+gAe8LJBdho2Fh4kE4kkP7SYmVBUAZaSuh9H+Ihqxx":{"chainKey":{"counter":3,"key":"dTc7ZPxONoHqqVbKoSwHuK7ar4lJNEjn2VLNXrFOvZA="},"chainType":2,"messageKeys":{"0":"cXPIucjnOBln7K9yJwhXuCM9CtZTWoWBcB+mHigiK+M=","2":"1m9QzDiTKrV9jhzIgxKxDx6QZhatPQQAdRemP07Mmok="}},"BaROYcbpWyl6VSKdhbRalI9y78Fc7ItJFbi0EiDUP48e":{"chainKey":{"counter":-1,"key":"OOmkO87/X/lWONqLYlqqjiE3zjar6DGtQKAHKELxOEw="},"chainType":1,"messageKeys":{}}}}},"version":"v1"}