{"_sessions":{"Bctr+ybdz8gByqLs4InBHhg+trIsEUXyQEtzkXCF/XEr":{"registrationId":22927814,"currentRatchet":{"ephemeralKeyPair":{"pubKey":"BeKpqXA5YRQmjIW752lOtCwldmBSomctjTZLsYbLi8NU","privKey":"sADRbV4a//m7uLH4KvzMeKxbF2oNjpkLMGSsdB29akg="},"lastRemoteEphemeralKey":"BakxwMUVDxS5fTEzHC1lhub30G1HBPtsHyV3h14UqVFM","previousCounter":0,"rootKey":"8yfzRoMzp73KfcxrbiazCzPOJr8D10AJGYhBdTt1s9I="},"indexInfo":{"baseKey":"Bctr+ybdz8gByqLs4InBHhg+trIsEUXyQEtzkXCF/XEr","baseKeyType":2,"closed":-1,"used":1756105336501,"created":1756105336501,"remoteIdentityKey":"BSb+QRq5hGP+8MiCOsc1QnIEwlmvV7jU2VOk5UbFQhxH"},"_chains":{"BakxwMUVDxS5fTEzHC1lhub30G1HBPtsHyV3h14UqVFM":{"chainKey":{"counter":4,"key":"p73RGkENe+9vCzijNs31s2Rx2bIbWnmKaRpMYBOeFLM="},"chainType":2,"messageKeys":{"0":"yTFAO283TFli+oamWYA8ujcgLwVSgb9KGEPgqpJEJJ4=","1":"qARV54uGpTvV5srOPNdYka60C9byfrwDpZyDwtsOxw8=","2":"QCQr+/44VgxJSzQFT/PB3c1+i0cpsfE/D+4FFTMX37I="}},"BeKpqXA5YRQmjIW752lOtCwldmBSomctjTZLsYbLi8NU":{"chainKey":{"counter":-1,"key":"ZAYY9imiWqevgU4rtsNIrpIv2R7EYi12cSIR7k3aSQI="},"chainType":1,"messageKeys":{}}}}},"version":"v1"}