{"_sessions":{"Bcsrqkmii7idOUi0BfFPkzSFyAlAA9Iw2HNjhXMDm55+":{"registrationId":792365766,"currentRatchet":{"ephemeralKeyPair":{"pubKey":"BTWXY58A0hJ478VkUwn5Zv4sLI2NWdlsxn+VpRZSQloU","privKey":"4LhBq/Jz77LHP0hTH/dQORppnDYH6qC6dlzx9cYb3k8="},"lastRemoteEphemeralKey":"Bam31oJr/Qla+t3BvEv58LE9gVV8RtnqU+I+rnJRjLRw","previousCounter":0,"rootKey":"Uibyti/+BmW8z+9o9C6iP1fWtBLXowFZ710YZ6XKpzA="},"indexInfo":{"baseKey":"Bcsrqkmii7idOUi0BfFPkzSFyAlAA9Iw2HNjhXMDm55+","baseKeyType":2,"closed":-1,"used":1756105299062,"created":1756105299062,"remoteIdentityKey":"Be4RoINHN1qe5oCCgLVMZKqktonPsav/LIxLxdCoiTc2"},"_chains":{"Bam31oJr/Qla+t3BvEv58LE9gVV8RtnqU+I+rnJRjLRw":{"chainKey":{"counter":1,"key":"9v9DxizU6CnGKXk0BKQJqHvokTq10hIzY5OBJ5SdSMo="},"chainType":2,"messageKeys":{"0":"r++cE98GLPoltD4Up3WuFutLvadVJOoXSZPblcU5tSk="}},"BTWXY58A0hJ478VkUwn5Zv4sLI2NWdlsxn+VpRZSQloU":{"chainKey":{"counter":-1,"key":"OQJt60fwvhx0WXjFtPbhcjYTIuXP87y8+BtYzgAiKWk="},"chainType":1,"messageKeys":{}}}}},"version":"v1"}