{"_sessions":{"BYRiRLTJH3eSfxn+8BFMPRBhuEsyG9zgMZxITFpRDT9J":{"registrationId":2046350148,"currentRatchet":{"ephemeralKeyPair":{"pubKey":"BeDRK7lD9QucOnx7xgjWfhQb+QViB6Zl5wQmIO1zJUcK","privKey":"SFKxmY+dxzRbMW0Z9Jub+0jWsue8Yudpjk5x5s4fiUE="},"lastRemoteEphemeralKey":"BY0C7nwLvTsVFadD3o9UPhnWopg7TckydpK7Q6l15PZq","previousCounter":0,"rootKey":"NJjlEQZ1mNdpr5FMA8h0bT4/HYqaNeWSoj7yLj44uZ0="},"indexInfo":{"baseKey":"BYRiRLTJH3eSfxn+8BFMPRBhuEsyG9zgMZxITFpRDT9J","baseKeyType":2,"closed":-1,"used":1756105306248,"created":1756105306248,"remoteIdentityKey":"BfuDpAlBBh3ddjDIG6HzSKWLPiA0Pnm8FHKGUzQiD7Zy"},"_chains":{"BY0C7nwLvTsVFadD3o9UPhnWopg7TckydpK7Q6l15PZq":{"chainKey":{"counter":0,"key":"BtYzxwghCCprM6B4GrYxqXKQK5FV9L54mDfekGBq2LQ="},"chainType":2,"messageKeys":{}},"BeDRK7lD9QucOnx7xgjWfhQb+QViB6Zl5wQmIO1zJUcK":{"chainKey":{"counter":-1,"key":"bavFwJxyPRQ3S1eRHdRaXrCtFeOB7yMdOv76NQtfEM0="},"chainType":1,"messageKeys":{}}}}},"version":"v1"}