{"_sessions":{"BQLTdEN6EurKZGnZoD6+ADHNbtY+idZvUtUVVGQvudsT":{"registrationId":933015741,"currentRatchet":{"ephemeralKeyPair":{"pubKey":"Be2y9rr7+taH7biVYBny2+qasVe1IdT3jZNwhRKF+pRv","privKey":"iGmkF3cMsFJNR3/W47zE5u0y0o6mbsJasblOV4ZtAFI="},"lastRemoteEphemeralKey":"BTxMDhDPWRXC06kLUaG969tq2d1F8fS2IstZ2XR1N+Qa","previousCounter":0,"rootKey":"zBZAoQxA9BRMqwWHQCrOH/iXXVGj7ebik/SWu0pn73I="},"indexInfo":{"baseKey":"BQLTdEN6EurKZGnZoD6+ADHNbtY+idZvUtUVVGQvudsT","baseKeyType":2,"closed":-1,"used":1756105295740,"created":1756105295740,"remoteIdentityKey":"BUYBptM7Fo2Tfs1A84LQ54pUuPdKhyddefhNeu27+eli"},"_chains":{"BTxMDhDPWRXC06kLUaG969tq2d1F8fS2IstZ2XR1N+Qa":{"chainKey":{"counter":1,"key":"zYnJK1HubXbcoYf72GeVVzNsQWhIki0uwPsW988Fthc="},"chainType":2,"messageKeys":{}},"Be2y9rr7+taH7biVYBny2+qasVe1IdT3jZNwhRKF+pRv":{"chainKey":{"counter":-1,"key":"xRsyK/5Rkax8TMSVqjPqCxtT3zDT04AFLy080lq0xGs="},"chainType":1,"messageKeys":{}}}}},"version":"v1"}