{"_sessions":{"BXECqKrYOXonEVBvpTrWBC6Qz4bVnB+qxcre2ysABxEA":{"registrationId":1436132498,"currentRatchet":{"ephemeralKeyPair":{"pubKey":"BZjCG3qYe+5pwdESYDkMUUpMApEPJ6l3iXrcXK61YF1y","privKey":"SOJX9cJayHpG8EHWnIcdA+DeNnErYvQkqzHPpTbjEnM="},"lastRemoteEphemeralKey":"BZJEAlXDqFCYMPptmUE09Jp78TaOd0PnwsPO1qmQM1sH","previousCounter":0,"rootKey":"bwxS3/Rdzal1sTI14A/3aobQIjEiM87r4JbXu1b+uRA="},"indexInfo":{"baseKey":"BXECqKrYOXonEVBvpTrWBC6Qz4bVnB+qxcre2ysABxEA","baseKeyType":2,"closed":-1,"used":1756105299563,"created":1756105299563,"remoteIdentityKey":"Bctr1qZEaUD3ZyiAw3hY5jb4XkDy0NUkXxWEUh5KBfIr"},"_chains":{"BZJEAlXDqFCYMPptmUE09Jp78TaOd0PnwsPO1qmQM1sH":{"chainKey":{"counter":2,"key":"b08QSKucP7eguf2CnlX+dvULP6gIRdQ5YGQtyHtB2F8="},"chainType":2,"messageKeys":{}},"BZjCG3qYe+5pwdESYDkMUUpMApEPJ6l3iXrcXK61YF1y":{"chainKey":{"counter":-1,"key":"dk3/C1fOD6SlDGxMcYb5jv1VYmsmSpeZKRC8duKpGe0="},"chainType":1,"messageKeys":{}}}}},"version":"v1"}