{"_sessions":{"BY20WCgRDR7EWPwFyS2qhGep7QAESWB801S69QblJRRv":{"registrationId":1139437121,"currentRatchet":{"ephemeralKeyPair":{"pubKey":"Be9cVgLa4DVE6mfAkjZ6GCEn2FfkAuBDXDCdpo+jmTRu","privKey":"aJVOLYXxvIPkXvGrJwXfa2q/Cln6ihXmnzvSgF/kGH8="},"lastRemoteEphemeralKey":"BdKDujyim/8iLjBnL+BYfwwpLw3OYiRKn5I+8ARqxGp2","previousCounter":0,"rootKey":"WKtC7nuswCIzqOp+EpoTZ7q9u6T24PG6YI9qHH40PLI="},"indexInfo":{"baseKey":"BY20WCgRDR7EWPwFyS2qhGep7QAESWB801S69QblJRRv","baseKeyType":2,"closed":-1,"used":1756105293984,"created":1756105293984,"remoteIdentityKey":"Beakm9rFN6GlZNUMc7iTTSHv00v6TxecZhB7ZmQLbp9F"},"_chains":{"BdKDujyim/8iLjBnL+BYfwwpLw3OYiRKn5I+8ARqxGp2":{"chainKey":{"counter":3,"key":"R2FeW80YCWv8bx2L61YSENqseO34h5HdDt0/KFQ3ErA="},"chainType":2,"messageKeys":{"1":"xKT2RDDQHdLSC6UrTIvGwOYnytiSZKJ5OcLTLgjv298=","2":"v2GzEjGtiMfpkiBI6QuvEvyD0qIRGjM47VGnKuh78l4="}},"Be9cVgLa4DVE6mfAkjZ6GCEn2FfkAuBDXDCdpo+jmTRu":{"chainKey":{"counter":-1,"key":"Slhs3so9Tw/O6p6uNnTckFrTz0CGeCDyY1uHLC1ZwtU="},"chainType":1,"messageKeys":{}}}}},"version":"v1"}