{"_sessions":{"BeLwra2Vmg+l1ZW6IhgbgkfDoAxpB9Ajr7pEG7at8L90":{"registrationId":1958217023,"currentRatchet":{"ephemeralKeyPair":{"pubKey":"BbZvKEqqyLov9GKuEa84q1j69Z/ClGxllw71apIi69QE","privKey":"iMJNIHIpMiCnNAjZywmMQhGXr7bcUu594HOJnJ6rv20="},"lastRemoteEphemeralKey":"BbNVeMXgRx7ZO0oBqr8w5g8qXGl5NqoA5c1VFghNSdQ2","previousCounter":0,"rootKey":"LGd3EgApxyVcS2VZjDwCVExm8YZMafSg4+NauhyLu34="},"indexInfo":{"baseKey":"BeLwra2Vmg+l1ZW6IhgbgkfDoAxpB9Ajr7pEG7at8L90","baseKeyType":2,"closed":-1,"used":1756105338702,"created":1756105338702,"remoteIdentityKey":"BXU5Wu63a4tPr5qvnWvTfMdRjqDA0JoM9lex637Bqo0K"},"_chains":{"BbNVeMXgRx7ZO0oBqr8w5g8qXGl5NqoA5c1VFghNSdQ2":{"chainKey":{"counter":5,"key":"ohQe8W5bn/xcfZpMH8LrOl5XKYMIZhSesOWfFsYViZ8="},"chainType":2,"messageKeys":{"1":"h7ivhibwYLetPabOMdiG9medz6fzK99ZlS2hFUU6K7M=","2":"AqRSXnnldI95HD4HgdBNlGJaSWtStZ4QVjU30pgzFBc=","3":"EJfyFZXXtzuDMfo1Z7kwHymd7J8RoCYKlhOcR/rZ3uo="}},"BbZvKEqqyLov9GKuEa84q1j69Z/ClGxllw71apIi69QE":{"chainKey":{"counter":-1,"key":"r80toWXKkgYnzsiVCbhLEPB0k3I1iCqwtjR46IU+WCI="},"chainType":1,"messageKeys":{}}}}},"version":"v1"}