{"_sessions":{"BapMetAktOlgKr1GdjV5koJwdmuwu/NY3vDt43v7efF2":{"registrationId":1079830050,"currentRatchet":{"ephemeralKeyPair":{"pubKey":"BelhKlXljLGzFw/RVLQQsT3bqCerpHebVdSO8W3G+4ht","privKey":"yB4kRQt9nEfgu7iTbU3aMrrtWNFeeNH+jX8v7flmikk="},"lastRemoteEphemeralKey":"BZDNzt4mwpOkwovQER3RmIQe9tGpN4nocYoWjKfho9JD","previousCounter":0,"rootKey":"j04bUckV4brYt8qumKfjHsdGj3DUamXGDek41ivwLzY="},"indexInfo":{"baseKey":"BapMetAktOlgKr1GdjV5koJwdmuwu/NY3vDt43v7efF2","baseKeyType":2,"closed":-1,"used":1756105290716,"created":1756105290716,"remoteIdentityKey":"BYUkovqKEt5XHX0N0EFrOXrSJtl7IBhs0vaDMDZ+6/Rw"},"_chains":{"BZDNzt4mwpOkwovQER3RmIQe9tGpN4nocYoWjKfho9JD":{"chainKey":{"counter":0,"key":"e6YBnq3tPQFk25QQoVaxOVILG855ZwKu8pKid8nrQuw="},"chainType":2,"messageKeys":{}},"BelhKlXljLGzFw/RVLQQsT3bqCerpHebVdSO8W3G+4ht":{"chainKey":{"counter":-1,"key":"ngTqv+4G26Tii5iFHCJEUCJMAPRLbvauH+lOxb8Irnw="},"chainType":1,"messageKeys":{}}}}},"version":"v1"}