{"_sessions":{"Bf7Wz4i5Goijyc6pgO8C6NkNAnMxg1r/MRKFo0U/tzVO":{"registrationId":1345660276,"currentRatchet":{"ephemeralKeyPair":{"pubKey":"BZzDvBiZoO4oCxM/5ESO4ycLBqy676G7RFQjmJnznI4e","privKey":"WMRtuyFIU3c0MJ5B57d4+xGwnnYSVJzFZgq/1/txgVU="},"lastRemoteEphemeralKey":"BeRO0FnRNg2htzvIHbPkZIlZIEVP7rxDg9a7sz6c+Vpx","previousCounter":0,"rootKey":"X2YgA0iqtc5gxX+7H5XuPnIjEshnsdvAP7xEASeXh14="},"indexInfo":{"baseKey":"Bf7Wz4i5Goijyc6pgO8C6NkNAnMxg1r/MRKFo0U/tzVO","baseKeyType":2,"closed":-1,"used":1756105314358,"created":1756105314358,"remoteIdentityKey":"BTNafsSvbU7f4nCOBPPmAj6aZIaqT16EO8bS9xXjGTIu"},"_chains":{"BeRO0FnRNg2htzvIHbPkZIlZIEVP7rxDg9a7sz6c+Vpx":{"chainKey":{"counter":0,"key":"81Ensdpqo+32BnFtTMUPxXFglYINts2lXNJuArsXf0s="},"chainType":2,"messageKeys":{}},"BZzDvBiZoO4oCxM/5ESO4ycLBqy676G7RFQjmJnznI4e":{"chainKey":{"counter":-1,"key":"SS/ZUjD68xYOwCTIisx/+2jRJ3YTeHixDjohdcrkOcQ="},"chainType":1,"messageKeys":{}}}}},"version":"v1"}