{"_sessions":{"BRBtpLGMJIgo4PH0i85o1A7YN7ZF0VcM5OkSWRW2nYZ/":{"registrationId":768287075,"currentRatchet":{"ephemeralKeyPair":{"pubKey":"BZamnjnPIAJHkgP1kdyI6M4B6F9/Xrt1arAc3JDNmwIQ","privKey":"+PZN96AJQcZ/1Tr5mbLy5ZB1z1X2bleMzN5VnjsAEWU="},"lastRemoteEphemeralKey":"BXBbXrqVxqD6N+L0KG3+TlzkmRKq6JTCCg5GAzFwYs4v","previousCounter":0,"rootKey":"V2qUi5TR4OTJWT8g1YxOjRpLK98YXf6TauZ+9jgoavE="},"indexInfo":{"baseKey":"BRBtpLGMJIgo4PH0i85o1A7YN7ZF0VcM5OkSWRW2nYZ/","baseKeyType":2,"closed":-1,"used":1756105305667,"created":1756105305667,"remoteIdentityKey":"BfsLPG/RUDSdijosts53KOPMfVNPo+kSZ/hsajjJdy4g"},"_chains":{"BXBbXrqVxqD6N+L0KG3+TlzkmRKq6JTCCg5GAzFwYs4v":{"chainKey":{"counter":0,"key":"6BY9OiFxvM1FJHSZwqLXk7je+n0gytDKcu8bDhme2Sg="},"chainType":2,"messageKeys":{}},"BZamnjnPIAJHkgP1kdyI6M4B6F9/Xrt1arAc3JDNmwIQ":{"chainKey":{"counter":-1,"key":"BeI1XoBn54yXUvKGHQ/Gc/jyDpLle7PkP1s/psKJ13c="},"chainType":1,"messageKeys":{}}}}},"version":"v1"}