{"_sessions":{"BaQsIKwjRJ2eE8L0WDoH2/7Irw/KnInovtgzVyODs+E4":{"registrationId":751746009,"currentRatchet":{"ephemeralKeyPair":{"pubKey":"BVirv49dzMZFMCRCLwadgb2uvZFytLuNUd0kgHdRkxMR","privKey":"oFC+ockoBHOPJqTLwCU5fdNxfxUdGiCTqqFADdJrkUo="},"lastRemoteEphemeralKey":"BQmwo8UGjK/CfIqQ4bmbi7mdTonhpuadDnbe/4Q2FN9Z","previousCounter":0,"rootKey":"7L3VaK1aWY13MlATSrcFSx1q6aB9Rr6mNYXG+O7u7RE="},"indexInfo":{"baseKey":"BaQsIKwjRJ2eE8L0WDoH2/7Irw/KnInovtgzVyODs+E4","baseKeyType":2,"closed":-1,"used":1756105312746,"created":1756105312746,"remoteIdentityKey":"Bft9gIo3HpM602QBWqnYSUqvsJx8iKI78DyVHB2vbP40"},"_chains":{"BQmwo8UGjK/CfIqQ4bmbi7mdTonhpuadDnbe/4Q2FN9Z":{"chainKey":{"counter":1,"key":"yelKc3jzZbDom/Dh3g4pJ43XeDNM8iCQXTGj8mNhobI="},"chainType":2,"messageKeys":{}},"BVirv49dzMZFMCRCLwadgb2uvZFytLuNUd0kgHdRkxMR":{"chainKey":{"counter":-1,"key":"zvYotmB43SwgErYO2QcEn4gcTwxXkaEcDq5wkKd3zwk="},"chainType":1,"messageKeys":{}}}}},"version":"v1"}