{"_sessions":{"BeiVQByiyd4mJ4U2XUzB9CpNkOircXx/VCFNInlwD9h8":{"registrationId":1436872089,"currentRatchet":{"ephemeralKeyPair":{"pubKey":"BQoVG9qAQk/BJ3imxSati8JYOy4hmg0HaQwo4Htg00Ft","privKey":"qKSWNy331vY6CIAJ02/5QWM6v9IniKkV6Ti8P49ntUQ="},"lastRemoteEphemeralKey":"BYJmBNcWAjEBEWkd3v3susiMz7j4rkMaflMIbiaSfLsC","previousCounter":0,"rootKey":"gkk8s28N2RWklL3NtvFZPwA/ldMGgCwkeBtd9RFUBWw="},"indexInfo":{"baseKey":"BeiVQByiyd4mJ4U2XUzB9CpNkOircXx/VCFNInlwD9h8","baseKeyType":2,"closed":-1,"used":1756105297485,"created":1756105297485,"remoteIdentityKey":"BYidQmrY1CJehgsblNEB5q2AwQwIYwNik3uAWzwVK98s"},"_chains":{"BYJmBNcWAjEBEWkd3v3susiMz7j4rkMaflMIbiaSfLsC":{"chainKey":{"counter":1,"key":"zMaO6e8uHirboxG2pvph4/maZQ82wU5lt/0hWXRezZw="},"chainType":2,"messageKeys":{}},"BQoVG9qAQk/BJ3imxSati8JYOy4hmg0HaQwo4Htg00Ft":{"chainKey":{"counter":-1,"key":"W8tsYIR61RHqlv1NtIF23eiBfQhpI+Pfkr4Isa/F4p4="},"chainType":1,"messageKeys":{}}}}},"version":"v1"}