{"_sessions":{"BQHiEICS/DucjNBmsY74EN31daxj0ZvkATsVU59yhCtE":{"registrationId":186115387,"currentRatchet":{"ephemeralKeyPair":{"pubKey":"BcjobXQO9Cn1FMEiBvfa412POa0SlyXa+MXclsJJ5Ig2","privKey":"6F9c1Kh3WseUCKcuhSs2xLE8255U7A+WsSmcL+hIHnM="},"lastRemoteEphemeralKey":"BdX3OOLy+lRreSMuTf/ni+IJKhBOAanpLNa0J1bjFz44","previousCounter":0,"rootKey":"3j7YjrlRwHUH35SDki/4MnlZb0jZ0SBQL+07dGZoZg4="},"indexInfo":{"baseKey":"BQHiEICS/DucjNBmsY74EN31daxj0ZvkATsVU59yhCtE","baseKeyType":2,"closed":-1,"used":1756105294709,"created":1756105294709,"remoteIdentityKey":"BTdfGIUgF2b57KNFWyjsKhPoiofRX6Hiu208xgi60eZ2"},"_chains":{"BdX3OOLy+lRreSMuTf/ni+IJKhBOAanpLNa0J1bjFz44":{"chainKey":{"counter":1,"key":"sN8EmlHMlfiJ4cWoI34oSRAoMHAhzBY+vd0CYKuBfFw="},"chainType":2,"messageKeys":{}},"BcjobXQO9Cn1FMEiBvfa412POa0SlyXa+MXclsJJ5Ig2":{"chainKey":{"counter":-1,"key":"QGWzoqPLIKSaKMVOberwRMQc6JEfc65NEYDeCV9fGEg="},"chainType":1,"messageKeys":{}}}}},"version":"v1"}