{"_sessions":{"BZmC/6zqr0utenmdY1D2iy2sWdwr9hg1Lh26Nc5291ws":{"registrationId":842426802,"currentRatchet":{"ephemeralKeyPair":{"pubKey":"BToT3QMP3HilsLrtWiH8xh+qVdDbN8XBi2pQO93fbp45","privKey":"aIdxNmZimFxxbKRFFWN5pTzF/cLRYZB9S7cA8yakqV4="},"lastRemoteEphemeralKey":"BWSmcJa4FYu0bw+n2j+cc5fv0GSPBWBL2L2ZTsWvp1RV","previousCounter":0,"rootKey":"56RGaU5xitTSL65QLaG3CLkLf37Zbds7sBfrw2ZFUHE="},"indexInfo":{"baseKey":"BZmC/6zqr0utenmdY1D2iy2sWdwr9hg1Lh26Nc5291ws","baseKeyType":2,"closed":-1,"used":1756105333107,"created":1756105333107,"remoteIdentityKey":"BQY5R2TaNnnRzBNLy1knLB/zIdbqWt8LcRErHlHZEY0a"},"_chains":{"BWSmcJa4FYu0bw+n2j+cc5fv0GSPBWBL2L2ZTsWvp1RV":{"chainKey":{"counter":0,"key":"8wLzy32PDd82Adi7+BlYIQkm+1DfsZaFF6nvkyBDdOI="},"chainType":2,"messageKeys":{}},"BToT3QMP3HilsLrtWiH8xh+qVdDbN8XBi2pQO93fbp45":{"chainKey":{"counter":-1,"key":"CYVKra3tqOfFIS86sp2hhLzbd93d3jo3u9eSRfh3aD8="},"chainType":1,"messageKeys":{}}}}},"version":"v1"}