{"_sessions":{"BQgzM5gys2pJkZrvyDTaF2h45N62wVLJGalK/OJ1ltog":{"registrationId":936759300,"currentRatchet":{"ephemeralKeyPair":{"pubKey":"BTkPKq5ifbIOcBp2epPM98MMvP5hpVXom9wDq38itjtZ","privKey":"gItMCQ83958LGr2hib4KOYQfIs+ezL5d6qO1bhh8/VU="},"lastRemoteEphemeralKey":"BWhHX4zYic2HoXZ48NbPoNK3pJFemieJGHRnSPFcftRS","previousCounter":0,"rootKey":"tAhMNpcKu20TjrL832X+P192Uouebf9M9xBaMrdEui0="},"indexInfo":{"baseKey":"BQgzM5gys2pJkZrvyDTaF2h45N62wVLJGalK/OJ1ltog","baseKeyType":2,"closed":-1,"used":1756105294270,"created":1756105294270,"remoteIdentityKey":"Baj3sWwAODp3mBiwqx1faiIsOF1WZTPlN9U8WAYBz4du"},"_chains":{"BWhHX4zYic2HoXZ48NbPoNK3pJFemieJGHRnSPFcftRS":{"chainKey":{"counter":1,"key":"UOjzLAum5CMtfp52C5V9EVd2KkctpnqLlGDH+cZeBF4="},"chainType":2,"messageKeys":{}},"BTkPKq5ifbIOcBp2epPM98MMvP5hpVXom9wDq38itjtZ":{"chainKey":{"counter":-1,"key":"XQwF4O2r1SV8Kuelu9pO17+1jE8clkHdpgckzJoNMdE="},"chainType":1,"messageKeys":{}}}}},"version":"v1"}