{"_sessions":{"BTij6pW/7T+vdtL0ElOEbBH8y2R7YizUmhH/daaMKtAj":{"registrationId":1650438725,"currentRatchet":{"ephemeralKeyPair":{"pubKey":"Bf58m2wNyX0L43o3gFZ62N50lltFxjOx1/6+XM/Wvk4k","privKey":"ePXA+TBpcmu0RmX8pcuR7fizqmr7ax8ytN8fk6ToRmk="},"lastRemoteEphemeralKey":"BVnfFF7n/DQm8PdMYTwSK5MTVCjX6kHwxO+FKtnAGklw","previousCounter":0,"rootKey":"QYtdHxOqrWVClazOaV6Qt39yDn1bva5PlWIU6to8//Y="},"indexInfo":{"baseKey":"BTij6pW/7T+vdtL0ElOEbBH8y2R7YizUmhH/daaMKtAj","baseKeyType":2,"closed":-1,"used":1756105298119,"created":1756105298119,"remoteIdentityKey":"BWdis0Bz9nIUjYSMpA9FZ4vB8cCUSUvP5UumplVfOvoY"},"_chains":{"BVnfFF7n/DQm8PdMYTwSK5MTVCjX6kHwxO+FKtnAGklw":{"chainKey":{"counter":0,"key":"TzRbXLZdZtzZZ+YRh+4JfwZQY5v1NRreNZ0nIsX1SL4="},"chainType":2,"messageKeys":{}},"Bf58m2wNyX0L43o3gFZ62N50lltFxjOx1/6+XM/Wvk4k":{"chainKey":{"counter":-1,"key":"UxH9+Rnm+m9emtN4iybVzFFtJZTKBLkxAi9CDFJMPQI="},"chainType":1,"messageKeys":{}}}}},"version":"v1"}