{"_sessions":{"BXWjkZS2SZWazxqsThJqbGAcpcx50/LMezzehT9P7bBz":{"registrationId":606830201,"currentRatchet":{"ephemeralKeyPair":{"pubKey":"BXXA0XuS6Wgel05rA5k9oYIoS7bLeNe/hsgFgDUPZ6ci","privKey":"UBJrZA1s/e73vX2AeLVPoMlSNhdal6kuk8+DN1wuOkk="},"lastRemoteEphemeralKey":"Bag2OV4ydnep3BaduJsh130v4cGeSnmzJes28+kbp/hz","previousCounter":0,"rootKey":"m+oO34vwYwg+gaLKt29lGZp3bY96uXlqOrbrpTt750s="},"indexInfo":{"baseKey":"BXWjkZS2SZWazxqsThJqbGAcpcx50/LMezzehT9P7bBz","baseKeyType":2,"closed":-1,"used":1756105295030,"created":1756105295030,"remoteIdentityKey":"BbStQYfsbXrM/GtGFkQo7qDp7Awkl9ZuZL5Q2Rp6s+hs"},"_chains":{"Bag2OV4ydnep3BaduJsh130v4cGeSnmzJes28+kbp/hz":{"chainKey":{"counter":0,"key":"NC6tSes+qOxJIiMuz8xNyyV+t0DiMlI8s3lCmIypA28="},"chainType":2,"messageKeys":{}},"BXXA0XuS6Wgel05rA5k9oYIoS7bLeNe/hsgFgDUPZ6ci":{"chainKey":{"counter":-1,"key":"hEolPaKUQsiZFOnaohaXx+wkqvJ1TyHJ+7yLA5R5rVc="},"chainType":1,"messageKeys":{}}}}},"version":"v1"}