{"_sessions":{"Bfo6fY55DMRB/0BajiKaIT77l2ZweS3xt68E/2P2R8R2":{"registrationId":1843278573,"currentRatchet":{"ephemeralKeyPair":{"pubKey":"BaJXQmyPV3/q+M8dAEH+p7kGCpEaAz8GOdwPTpwsbWpv","privKey":"aAFWsHAFq+DbLrScakGxnOHylSnmIynL1/GmAHe/KFE="},"lastRemoteEphemeralKey":"BVHEeP/YxOAvFrJCBridP53aYZIpX+/KwRfMx8fvnXIj","previousCounter":0,"rootKey":"OJKhb371nhiiSzBUSJ3iTMtqmpLyHGvHYASP2eLzuT0="},"indexInfo":{"baseKey":"Bfo6fY55DMRB/0BajiKaIT77l2ZweS3xt68E/2P2R8R2","baseKeyType":2,"closed":-1,"used":1756105311851,"created":1756105311851,"remoteIdentityKey":"Bcu55LcTmJm9Mb/7lZ6vD2rkqPnyyDoGdH6OwqR8C2gB"},"_chains":{"BVHEeP/YxOAvFrJCBridP53aYZIpX+/KwRfMx8fvnXIj":{"chainKey":{"counter":0,"key":"bcpxPKt2+Eon4pRUDjeA8ilq2hf3b9H8owr2NKsvR1g="},"chainType":2,"messageKeys":{}},"BaJXQmyPV3/q+M8dAEH+p7kGCpEaAz8GOdwPTpwsbWpv":{"chainKey":{"counter":-1,"key":"jnTu9ufs4kxzVcJmZo7v89EPJh9w6JVPgneqQcqJKfk="},"chainType":1,"messageKeys":{}}}}},"version":"v1"}