{"_sessions":{"BTJGy60LdEFCI7b+4YXq5Vsuc9TLtoov0NAtOrwgNuUH":{"registrationId":1109073443,"currentRatchet":{"ephemeralKeyPair":{"pubKey":"BTBZgtoz7VNezM37NdqF5wmQq1Z24NY4mYJOY5+80WMh","privKey":"eMybBb5yBeccVOAiy0yw4xmk0exBqBYWhz1V2Y2SKnc="},"lastRemoteEphemeralKey":"BZm6MXnlyDkrURa1wad4NWhZndKiCxbftfp+usNbCj06","previousCounter":0,"rootKey":"P+dYS+hMfwjRCfunhLoh0teMmYpFvqdh6k0/yq+p10Y="},"indexInfo":{"baseKey":"BTJGy60LdEFCI7b+4YXq5Vsuc9TLtoov0NAtOrwgNuUH","baseKeyType":2,"closed":-1,"used":1756105342615,"created":1756105342615,"remoteIdentityKey":"BXmejzd/7l+EyvAGGCzSVVDEIZwfuZZ0J1ze2fpVXtI8"},"_chains":{"BZm6MXnlyDkrURa1wad4NWhZndKiCxbftfp+usNbCj06":{"chainKey":{"counter":0,"key":"cWdE72rUH/acGNDOKt87wirdxR44L2y2obiajKIUxH0="},"chainType":2,"messageKeys":{}},"BTBZgtoz7VNezM37NdqF5wmQq1Z24NY4mYJOY5+80WMh":{"chainKey":{"counter":-1,"key":"4U2UH7sOwxvd4ctauYFCjMFZXNogZftDFxsQBdEeBoU="},"chainType":1,"messageKeys":{}}}}},"version":"v1"}