{"_sessions":{"BUL3aLrbBeRbohyPQfT6QmV0RNhiZVJ/8GzPPGh94Pg7":{"registrationId":662847544,"currentRatchet":{"ephemeralKeyPair":{"pubKey":"BQRb11Y6ZcH80F/IfE3DQGKtGUtRpJLh9Kiwmtt02Qol","privKey":"gETyxbqY+cVWlLOS/HF4N9KZxRuBh0djmqdEmNSbPH0="},"lastRemoteEphemeralKey":"BYy/IbXE1VJJU7qeDf/JHFExTEcFVA1nU45P3L8DBAgL","previousCounter":0,"rootKey":"2IMVcvC1xkWW+j6NfUGHv7av1usWVzEpFNXhAUr8/Co="},"indexInfo":{"baseKey":"BUL3aLrbBeRbohyPQfT6QmV0RNhiZVJ/8GzPPGh94Pg7","baseKeyType":2,"closed":-1,"used":1756105306924,"created":1756105306924,"remoteIdentityKey":"BTkSXlpUNTZtSOo7UNlDmRhppLEv25y/kULQRSPYSrl/"},"_chains":{"BYy/IbXE1VJJU7qeDf/JHFExTEcFVA1nU45P3L8DBAgL":{"chainKey":{"counter":1,"key":"tEvNY8X3idPx3spOhz5dXKHcTEyTUAnwsDeu0ASS2io="},"chainType":2,"messageKeys":{}},"BQRb11Y6ZcH80F/IfE3DQGKtGUtRpJLh9Kiwmtt02Qol":{"chainKey":{"counter":-1,"key":"iUtuWbFJ4xT7sURPJm/iSWx6iSHdu+bW1KNkLMwHZz8="},"chainType":1,"messageKeys":{}}}}},"version":"v1"}