{"_sessions":{"BfgmFp59dssRTSZx74/HSsVp4OH//Mpda6sCf6kWqyVc":{"registrationId":654933761,"currentRatchet":{"ephemeralKeyPair":{"pubKey":"BVr1kEXRVTTnAIodVZwDJo3Y+1WnMMip17RGcWjv+PdB","privKey":"WKTYk96sSGlbBAAJTrvvWeuOcTi9DoL3HvzJHG4onlk="},"lastRemoteEphemeralKey":"BadywXEN89IES2Aueh084f85TLxjYUK6bIwCSmCTFjtt","previousCounter":0,"rootKey":"k56PzGWiVrGd6DQfOJFQxMoxeLzrkqlIofT839wbR7k="},"indexInfo":{"baseKey":"BfgmFp59dssRTSZx74/HSsVp4OH//Mpda6sCf6kWqyVc","baseKeyType":2,"closed":-1,"used":1756105290924,"created":1756105290924,"remoteIdentityKey":"BWwyH8379WAe1+SihJ4ZzTwXwmpKj9bA9Vze22fMPqBq"},"_chains":{"BadywXEN89IES2Aueh084f85TLxjYUK6bIwCSmCTFjtt":{"chainKey":{"counter":4,"key":"uGoLRPXku2yoge5V+ZBVs3ywJJJutUuKWWiKU9XqOlE="},"chainType":2,"messageKeys":{}},"BVr1kEXRVTTnAIodVZwDJo3Y+1WnMMip17RGcWjv+PdB":{"chainKey":{"counter":-1,"key":"LfMz8YV32eqWZG0qcgHrOZoMmIzD5TXchTgocsBcjF8="},"chainType":1,"messageKeys":{}}}}},"version":"v1"}