{"_sessions":{"BSiLQlZj8cjfQOwxfLMt9triFbCP7/fUEoxHmWs3t9Vb":{"registrationId":681643160,"currentRatchet":{"ephemeralKeyPair":{"pubKey":"BUTfLuUO9Ws6R1swJf8omqSHWeXhpZ3rHC2pwCFCl5x1","privKey":"MI2c0XitZC61L0n/ysH06bJsyZ4xkEppnfl4gdEZ5G4="},"lastRemoteEphemeralKey":"BaLe5YYJrX2pzc5w+b3/HCCgeQ7Cs+IUneaKKZqVqyYq","previousCounter":0,"rootKey":"Y/hbelEmDLp+HaWKOYqsLVZQC0vmS1OLgwZ6a0dw6NU="},"indexInfo":{"baseKey":"BSiLQlZj8cjfQOwxfLMt9triFbCP7/fUEoxHmWs3t9Vb","baseKeyType":2,"closed":-1,"used":1756105307607,"created":1756105307607,"remoteIdentityKey":"BdDqb0ghSubbc8QF/R6AYt0iVGSBmuL2SpZYBiznSgNY"},"_chains":{"BaLe5YYJrX2pzc5w+b3/HCCgeQ7Cs+IUneaKKZqVqyYq":{"chainKey":{"counter":1,"key":"OqjsH/F1/PKXkce/MTMOh5W5n7eR8uqibWfcOZCTvFs="},"chainType":2,"messageKeys":{}},"BUTfLuUO9Ws6R1swJf8omqSHWeXhpZ3rHC2pwCFCl5x1":{"chainKey":{"counter":-1,"key":"SB/k7ynosjHoVs0luRDoGh1e4VkhfZZWspLj9uLUZ6Q="},"chainType":1,"messageKeys":{}}}}},"version":"v1"}