{"_sessions":{"BS1OTx3uJjBMz0qJzZKKE5Tr3WKO6zqOjm26tVTYW3YV":{"registrationId":690898618,"currentRatchet":{"ephemeralKeyPair":{"pubKey":"BanefdiBX8S9oLUdAs0Pxjz1UT0dW+CWl1KtvYubyY1U","privKey":"mHlnZ6esl7+IupPtvfWqptkTdPAaA1Af7Z2I36Yg32I="},"lastRemoteEphemeralKey":"BcnSBq0n7hCckhj4SmEdyE98quAf7dwPdGMg8L5zlYlE","previousCounter":0,"rootKey":"B2KmymuXglcAuJlgLu/IbdZHGpZn7C87+h/nYpzvCCk="},"indexInfo":{"baseKey":"BS1OTx3uJjBMz0qJzZKKE5Tr3WKO6zqOjm26tVTYW3YV","baseKeyType":2,"closed":-1,"used":1756110825555,"created":1756110825555,"remoteIdentityKey":"BQMEOk8VDl4jNMhcY4mdPCVdRzx4axKYguALkq7ldapE"},"_chains":{"BcnSBq0n7hCckhj4SmEdyE98quAf7dwPdGMg8L5zlYlE":{"chainKey":{"counter":0,"key":"+XErRW3BGwHCCRBBZ3EtpYq56MX81CWkka3zkn5Hg2k="},"chainType":2,"messageKeys":{}},"BanefdiBX8S9oLUdAs0Pxjz1UT0dW+CWl1KtvYubyY1U":{"chainKey":{"counter":-1,"key":"FNVzECDXSOw89l4sNjB3YnqMBSag2iE2VK99mQJ6tbQ="},"chainType":1,"messageKeys":{}}}}},"version":"v1"}