{"_sessions":{"BbPAJmM3B11KdHIYidXUtMF3dAI9knqfjpZNyF5CfSM2":{"registrationId":1733145259,"currentRatchet":{"ephemeralKeyPair":{"pubKey":"BVO7kG4aWcq4f5pY866RblE6KuwHLp42Wu37jsTou5Fq","privKey":"MKruUGZ+6j/MXqRhVB7n/f++o/dyj/0J20irImd05F0="},"lastRemoteEphemeralKey":"Bc1WTWWaHBOq/CnhOeMqor9xz9aojv1CqyAbtsR3xbAS","previousCounter":0,"rootKey":"vlnTerFyYntUUhYZpBqFIRPNcTUol7jvMh8Q9/MXBYg="},"indexInfo":{"baseKey":"BbPAJmM3B11KdHIYidXUtMF3dAI9knqfjpZNyF5CfSM2","baseKeyType":2,"closed":-1,"used":1756105320661,"created":1756105320661,"remoteIdentityKey":"BUXo6Md/+f4xGlEn2jCZfR98fXHzF3TKFeb+ztfDMcNa"},"_chains":{"Bc1WTWWaHBOq/CnhOeMqor9xz9aojv1CqyAbtsR3xbAS":{"chainKey":{"counter":3,"key":"YWbNfPl2P8JVFI8Z4ZbAoOouIbrOCaMYK6pyGOCTSm0="},"chainType":2,"messageKeys":{}},"BVO7kG4aWcq4f5pY866RblE6KuwHLp42Wu37jsTou5Fq":{"chainKey":{"counter":-1,"key":"kU7DVC2xxC+kw0aum8r5H+zrX4XhBnVhl72uKCg3Nak="},"chainType":1,"messageKeys":{}}}}},"version":"v1"}