{"_sessions":{"BcGSzpNlbiBuK4GVEvn8bS8e1VTo4ZYQHR7Tc127+5Q+":{"registrationId":325163961,"currentRatchet":{"ephemeralKeyPair":{"pubKey":"BUcmb31EjWxLe+AZw5EJDE7HEppT/y665kgfgUQq5elz","privKey":"aIS3OWr5IoSuivWz7oBH6EJ688pdFdE5h/cMSpXQB0Q="},"lastRemoteEphemeralKey":"BTMLoHEmeO0aKn/E//IzTk1qiuelhjJomQEmW5rGoiN1","previousCounter":0,"rootKey":"72c5nwienBJO79Q4yLY4IA5PYHbNQ4vSG7Fq9MMwQU0="},"indexInfo":{"baseKey":"BcGSzpNlbiBuK4GVEvn8bS8e1VTo4ZYQHR7Tc127+5Q+","baseKeyType":2,"closed":-1,"used":1756105332620,"created":1756105332620,"remoteIdentityKey":"BX2lqE6HGY7NF8LOGSFu8msAtC1EoYhaArAGwG0FEBBj"},"_chains":{"BTMLoHEmeO0aKn/E//IzTk1qiuelhjJomQEmW5rGoiN1":{"chainKey":{"counter":0,"key":"B0YN5ZsGkZtIixOQtiHqZKvHp/LqyYRi2MvJfbLn2H0="},"chainType":2,"messageKeys":{}},"BUcmb31EjWxLe+AZw5EJDE7HEppT/y665kgfgUQq5elz":{"chainKey":{"counter":-1,"key":"4AeZhEeuLs3KdqIB2Ri1mlW78BN4/HgwjDmcfnU+sVI="},"chainType":1,"messageKeys":{}}}}},"version":"v1"}