{"_sessions":{"BSIQqE6MVGNplDFXzoiZmeKTSKnxic9HkTGJDupBq8Ny":{"registrationId":480437955,"currentRatchet":{"ephemeralKeyPair":{"pubKey":"BVXMmWKwwSO1x7F2+h33PNzlwWUn2tN6txZmP+JLX5Fy","privKey":"GBCLkgv50HXw5KyqxtoqI/0vJgExZWNOqo8Kte3yRU4="},"lastRemoteEphemeralKey":"Ba9UIUKELpelLhuXdPRATfBzdfTUZ4WXRh6xa4puM3Qf","previousCounter":0,"rootKey":"Ev5MzvtDwgukbrdR9DQfW4YuuXUINgLhKd43qAig0TQ="},"indexInfo":{"baseKey":"BSIQqE6MVGNplDFXzoiZmeKTSKnxic9HkTGJDupBq8Ny","baseKeyType":2,"closed":-1,"used":1756105308529,"created":1756105308529,"remoteIdentityKey":"BcEQ3jebOzYqhV8yBnD874m28TS8Hsf/wBH00uAlkjJs"},"_chains":{"Ba9UIUKELpelLhuXdPRATfBzdfTUZ4WXRh6xa4puM3Qf":{"chainKey":{"counter":1,"key":"wrbRUQe4CiCCETqTxkkVmfMrS7mH7FNCQflTZE3j3Fc="},"chainType":2,"messageKeys":{}},"BVXMmWKwwSO1x7F2+h33PNzlwWUn2tN6txZmP+JLX5Fy":{"chainKey":{"counter":-1,"key":"JmKvVpT9QMzB24OITx1XivdKD0WUOr2mQfOk4GjUTBU="},"chainType":1,"messageKeys":{}}}}},"version":"v1"}