{"_sessions":{"BfryzTi4/0A5WehPdd15maHDotHLvaVra+buUx8VomhI":{"registrationId":582204478,"currentRatchet":{"ephemeralKeyPair":{"pubKey":"Bb+bERWthHo9yom4mgDoQ8+PMZKxpTWl+LiOgB9TUqMq","privKey":"SDqnRUORZW2n+c3YAHq9gVU6sVCz1pX2i04B//Js8XU="},"lastRemoteEphemeralKey":"BYxdLea1d6Wf7bz6Q+ZL9DlyKOEtrYlvk3SuzeXeRNdW","previousCounter":0,"rootKey":"pNBsjBF/v16GEKkd9l0+5eZb7SKBJ4NP2tIMPq/XplY="},"indexInfo":{"baseKey":"BfryzTi4/0A5WehPdd15maHDotHLvaVra+buUx8VomhI","baseKeyType":2,"closed":-1,"used":1756105291827,"created":1756105291827,"remoteIdentityKey":"Bdp9cw8B44nXAT9Nrmz+kMfFQ1Mx4Z2iHYiu6bM63CA2"},"_chains":{"BYxdLea1d6Wf7bz6Q+ZL9DlyKOEtrYlvk3SuzeXeRNdW":{"chainKey":{"counter":0,"key":"Yu3k2rq2SpumEz4zkxfK2F0Tga7z7iqTUZqLmbTGiDQ="},"chainType":2,"messageKeys":{}},"Bb+bERWthHo9yom4mgDoQ8+PMZKxpTWl+LiOgB9TUqMq":{"chainKey":{"counter":-1,"key":"pFRln9nNqKJUr132tRpjarmx5b8/Afap2sTOh7notGg="},"chainType":1,"messageKeys":{}}}}},"version":"v1"}