{"_sessions":{"BYdxN1cXuP/25mTHesXFzf6k8dCE2+DceAOkgIddvegP":{"registrationId":697601398,"currentRatchet":{"ephemeralKeyPair":{"pubKey":"BRlXcaGDkgPHIcR+ePNk4YFjYK/ersKYyB8eRURaQ2FO","privKey":"MOVJ84o9f6qcgwIGzqFVD4AqQ4ZoXTZpPmg0MKb1pn4="},"lastRemoteEphemeralKey":"BUmGMI/98rl6hSWhWRJm97YTxGipra2JLXG2IfNEPR5V","previousCounter":0,"rootKey":"YZAQY/T7emadbOKEWHb2YPcl9K9cKUhtalOfPpEs7mE="},"indexInfo":{"baseKey":"BYdxN1cXuP/25mTHesXFzf6k8dCE2+DceAOkgIddvegP","baseKeyType":2,"closed":-1,"used":1756105338217,"created":1756105338217,"remoteIdentityKey":"BUu0wspz+mFzZLWW81AQqL3lgUTpMFzPnZLKMU/vun1O"},"_chains":{"BUmGMI/98rl6hSWhWRJm97YTxGipra2JLXG2IfNEPR5V":{"chainKey":{"counter":2,"key":"YUGHIleIFsnAqjebn6qb3TwkWeHC9zIw0bmGZ9/k/2w="},"chainType":2,"messageKeys":{}},"BRlXcaGDkgPHIcR+ePNk4YFjYK/ersKYyB8eRURaQ2FO":{"chainKey":{"counter":-1,"key":"ol1FUE7McvTIiouG0ito+gM/xWL6xqBXn4kKFcYDM8I="},"chainType":1,"messageKeys":{}}}}},"version":"v1"}