{"_sessions":{"BYzC4Pza4njO6fn3UaYWyq/Ne0mS9zP8Jt4QgaF8GTBQ":{"registrationId":530794961,"currentRatchet":{"ephemeralKeyPair":{"pubKey":"BcKpYsuf+Kg4+Nbcmkm+kqFeDPvlSfdhKi2hZHfe+sJg","privKey":"uJ069Dn4RceARNwxaFOLBro7bYbHi7uvCXnFw3xq+Us="},"lastRemoteEphemeralKey":"BYh4LaxgyOdsIxuR0fIAzE6nW1NAaFkqdI3CSvFlgC9u","previousCounter":0,"rootKey":"RYpU5mJoiGxsBRlFv1m5tJPRqarjz3xdjUTIokuwK/k="},"indexInfo":{"baseKey":"BYzC4Pza4njO6fn3UaYWyq/Ne0mS9zP8Jt4QgaF8GTBQ","baseKeyType":2,"closed":-1,"used":1756105293450,"created":1756105293450,"remoteIdentityKey":"Bfvm9eg8l2bJ2HXCq1HCbjVC5MIAFE7hqh+eYNIIqLNS"},"_chains":{"BYh4LaxgyOdsIxuR0fIAzE6nW1NAaFkqdI3CSvFlgC9u":{"chainKey":{"counter":0,"key":"MjhmlvidrUFaW2GTO4kW2QJW+jv+E+EFZZ8S6wFwYI0="},"chainType":2,"messageKeys":{}},"BcKpYsuf+Kg4+Nbcmkm+kqFeDPvlSfdhKi2hZHfe+sJg":{"chainKey":{"counter":-1,"key":"Mxj3ZdEwk//3PNJGRPKH03IiT0R7U0XqCbPtwggIsM4="},"chainType":1,"messageKeys":{}}}}},"version":"v1"}