{"_sessions":{"BedgIgqEmC/ggSHHHQxG4fZ6vjkZjfA27Z+WP2hJd1lo":{"registrationId":1348732147,"currentRatchet":{"ephemeralKeyPair":{"pubKey":"BSxtTNEklBayfKMkm4zREz12oqTBf3XCLqnZ5hYfUXdE","privKey":"WEWiFYP4qrbQpbxbRAAdPda2HsygwDYT2llqqbwbvm4="},"lastRemoteEphemeralKey":"BaIRLXdF77jAvyMwZGl74Mn5RtCy7TjtJZrIQRYY0ro4","previousCounter":0,"rootKey":"ebmJTTPw4CCfKZVkmPsm9PdE6HeWwzt1ZXSTjFoPqLw="},"indexInfo":{"baseKey":"BedgIgqEmC/ggSHHHQxG4fZ6vjkZjfA27Z+WP2hJd1lo","baseKeyType":2,"closed":-1,"used":1756105331237,"created":1756105331237,"remoteIdentityKey":"BT/HBNtkeOYiDlg2pU0mDmD367zdiWW8uceRtOCfmFUC"},"_chains":{"BaIRLXdF77jAvyMwZGl74Mn5RtCy7TjtJZrIQRYY0ro4":{"chainKey":{"counter":0,"key":"sQ9dQrPVxqpricUVZckFlg8vbLEG5mSt4h12/PD2fyc="},"chainType":2,"messageKeys":{}},"BSxtTNEklBayfKMkm4zREz12oqTBf3XCLqnZ5hYfUXdE":{"chainKey":{"counter":-1,"key":"snvuDE8/Pg+ijO66z2ADwDgarvs1F6keCC4iRSrOEdI="},"chainType":1,"messageKeys":{}}}}},"version":"v1"}