{"_sessions":{"BVl5pWl30KVVU/sI5/B+ZxWHGhXzcapdzOwaw03ZUMlP":{"registrationId":1429793135,"currentRatchet":{"ephemeralKeyPair":{"pubKey":"BSge+eR5n04fGZuQkLyXjsgw1CaXWZXoAto4UQffHt8m","privKey":"CF7tmxmh2iFrSag78wx8TT+1raSd2iD1tl6AAwfanmg="},"lastRemoteEphemeralKey":"BRBVbo9mYTRTaSTKXf7AZ19ehWa84uDrkfSDfzaSKQ9S","previousCounter":0,"rootKey":"F26HzBe53gXMtOE9NGRpVQGXOxNWeaWquK4IyOOsJ64="},"indexInfo":{"baseKey":"BVl5pWl30KVVU/sI5/B+ZxWHGhXzcapdzOwaw03ZUMlP","baseKeyType":2,"closed":-1,"used":1756105322739,"created":1756105322739,"remoteIdentityKey":"BfZQpZ1loOsQNRg2v1dgD8NNRT5n7FalAeM5ThfIE6YC"},"_chains":{"BRBVbo9mYTRTaSTKXf7AZ19ehWa84uDrkfSDfzaSKQ9S":{"chainKey":{"counter":0,"key":"qZRb5aFr2KyIMlci8exfgCq913mj1XlGHTnrhWmoFQE="},"chainType":2,"messageKeys":{}},"BSge+eR5n04fGZuQkLyXjsgw1CaXWZXoAto4UQffHt8m":{"chainKey":{"counter":-1,"key":"KM11FWQXGFXHEE28lQ5xovgTQwdSIcJhqkgU+j99PfM="},"chainType":1,"messageKeys":{}}}}},"version":"v1"}