{"_sessions":{"BW9kZGwXLgVBJco5G83dKWJ/88gnqRh/acDhuAv3Kqps":{"registrationId":1836516235,"currentRatchet":{"ephemeralKeyPair":{"pubKey":"BUz/zbtWSNTD4UmQF4Y8NqN7kijkl5GaUEEUWvvExMJQ","privKey":"2J34gORcYw96aPLwrE/racHGLuqhlPwzkJc7/OTqTnM="},"lastRemoteEphemeralKey":"BYHqDJzabKZHWzcm3oIsCrzmYluuNyOwADxi6ekLUrlO","previousCounter":0,"rootKey":"bXDuxLPyovgaU4pnH74zw5XAcPkC8eNPTBDgeak5XVU="},"indexInfo":{"baseKey":"BW9kZGwXLgVBJco5G83dKWJ/88gnqRh/acDhuAv3Kqps","baseKeyType":2,"closed":-1,"used":1756105297777,"created":1756105297777,"remoteIdentityKey":"BZb08BOa9dm6BDU4RIVhuZbH8pRcxlU08Lo3WfF4UboA"},"_chains":{"BYHqDJzabKZHWzcm3oIsCrzmYluuNyOwADxi6ekLUrlO":{"chainKey":{"counter":1,"key":"byGTOPLA0hGuLU6wPXIifHekEx3KwSih5h+JqBx9Wtw="},"chainType":2,"messageKeys":{"0":"q9R07Djd1SEBZdyJv5dKucibETVx2QucLTiI1wArkwI="}},"BUz/zbtWSNTD4UmQF4Y8NqN7kijkl5GaUEEUWvvExMJQ":{"chainKey":{"counter":-1,"key":"MEWL+7eIxnFr0E9NDrMyJGZZZ/H/3fDju6hI+oeqlu0="},"chainType":1,"messageKeys":{}}}}},"version":"v1"}