{"_sessions":{"BSQb97ADWHypQ3Tx9/TuFqwrcYh01rsv3j1PNujkeyJ9":{"registrationId":1034137538,"currentRatchet":{"ephemeralKeyPair":{"pubKey":"BY65pf9F/v1RzjwHn0ahoRHCtwzvbXTA5r88REzak6Ah","privKey":"CIHZxVRPJ1j3w6UMHDD7Ey30TboZGDhQxpyCTl0Si1o="},"lastRemoteEphemeralKey":"BWSWuTPdZCwzfJfRRHS41BJBKsYUtj+dbw/oTS6HSRUc","previousCounter":0,"rootKey":"V01VMrC6JMjIVjtqyK+jzxB8DnRLpxb08sma9WCfM5Y="},"indexInfo":{"baseKey":"BSQb97ADWHypQ3Tx9/TuFqwrcYh01rsv3j1PNujkeyJ9","baseKeyType":2,"closed":-1,"used":1756105294428,"created":1756105294428,"remoteIdentityKey":"Be9wO9obG4Otor8N/fQp9V0iPBfZnUBDZ3G/ZEYw3l1B"},"_chains":{"BWSWuTPdZCwzfJfRRHS41BJBKsYUtj+dbw/oTS6HSRUc":{"chainKey":{"counter":1,"key":"s/batSQvzPWXvoQT0hW9RIFbX0xTq8DjAjdwo371Jf4="},"chainType":2,"messageKeys":{}},"BY65pf9F/v1RzjwHn0ahoRHCtwzvbXTA5r88REzak6Ah":{"chainKey":{"counter":-1,"key":"c8xgBy62WOwm60GguyRwFqte56fJp5IWwcOzmZ2Kc+E="},"chainType":1,"messageKeys":{}}}}},"version":"v1"}