{"_sessions":{"Bf85hJpYE2xfvFIGL50p2kn3zho3VYWnr4BQ8hIHFK0N":{"registrationId":1462417584,"currentRatchet":{"ephemeralKeyPair":{"pubKey":"BU+EVynq0I6v1Vrh/bXPldD/5226snbl55TlGJ/pIKE/","privKey":"MFO+spt100s8hmaVh70youAnciojyjec1BpKW6mKTWc="},"lastRemoteEphemeralKey":"BfoI7V/riQ7v9Kupi56RYRPy9mFZQrE78PvOIJXGFsUf","previousCounter":0,"rootKey":"+FjVoCOLJNw+awh6ccAFckYnWBfOQyOEkUGjeOYBDRk="},"indexInfo":{"baseKey":"Bf85hJpYE2xfvFIGL50p2kn3zho3VYWnr4BQ8hIHFK0N","baseKeyType":2,"closed":-1,"used":1756105321061,"created":1756105321061,"remoteIdentityKey":"BUi7imIA7FifjjeyPpYJXbhiAc0u8MUq/A4BXrRakesJ"},"_chains":{"BfoI7V/riQ7v9Kupi56RYRPy9mFZQrE78PvOIJXGFsUf":{"chainKey":{"counter":0,"key":"q0i7rET9v01EniKmKsmx/kpXMu/AEJVorPV3/a0Rk7g="},"chainType":2,"messageKeys":{}},"BU+EVynq0I6v1Vrh/bXPldD/5226snbl55TlGJ/pIKE/":{"chainKey":{"counter":-1,"key":"HiCv4kxhlvF0GWS8fNFIyoi9BbeG3+q2rx7y9wZclDY="},"chainType":1,"messageKeys":{}}}}},"version":"v1"}