{"_sessions":{"BW1YJQzwmNCuMzgAMnQHbcpoKADgtviFHeDwN8CeP0xv":{"registrationId":1330970844,"currentRatchet":{"ephemeralKeyPair":{"pubKey":"BYTsgz0xUmp3cxZMFF5X7QWlDsXbBbIkxEJSIngLhGY1","privKey":"qNmrCj6dJtRF/YC2ilZFLu964UB4HxT9T+ie5ypguEQ="},"lastRemoteEphemeralKey":"BVhwU+24j45zt36gq2tSJbJ7lkt6WYOWr6wckyf/LBc0","previousCounter":0,"rootKey":"ktRI0sYO5HLuxmrLl/CC9q+gxqbnnQ/jXP9896zmSpw="},"indexInfo":{"baseKey":"BW1YJQzwmNCuMzgAMnQHbcpoKADgtviFHeDwN8CeP0xv","baseKeyType":2,"closed":-1,"used":1756105321351,"created":1756105321351,"remoteIdentityKey":"BUiRrqfr9ngkvG+lrib0OL+nQ75MbQOG8VgnRn/Ornhz"},"_chains":{"BVhwU+24j45zt36gq2tSJbJ7lkt6WYOWr6wckyf/LBc0":{"chainKey":{"counter":1,"key":"MBxSm9J+FIHdefCZtrOuqJGmryko3gTUKPxaS5Kur3k="},"chainType":2,"messageKeys":{}},"BYTsgz0xUmp3cxZMFF5X7QWlDsXbBbIkxEJSIngLhGY1":{"chainKey":{"counter":-1,"key":"oehpKZnhgQCDx8JfbSkA5yg3UI6egSPysw05p4/ePMk="},"chainType":1,"messageKeys":{}}}}},"version":"v1"}