{"_sessions":{"BcZ1BePbkFSFuFCCZRXmjZ7MoM2tX2aoyZS0ABWFa0Ix":{"registrationId":889127751,"currentRatchet":{"ephemeralKeyPair":{"pubKey":"Baxr2lQuWg+JjzfILl25PYpQxXRmb+ctgpVUubO/Ie12","privKey":"ULYHkknjPUA5cUyWI0HVK1hXrWjzFeWni0uzw8tIlkI="},"lastRemoteEphemeralKey":"BSr/va0V1PYEklz43hDw3/S+yhHKpoRYvA/nzemdZGt+","previousCounter":0,"rootKey":"Dj9hLj7U7LhfwBxwhawl/vO9gD7hH+OtHdyv+BW4bb8="},"indexInfo":{"baseKey":"BcZ1BePbkFSFuFCCZRXmjZ7MoM2tX2aoyZS0ABWFa0Ix","baseKeyType":2,"closed":-1,"used":1756105291707,"created":1756105291707,"remoteIdentityKey":"BehxXEfsrzIUnhPViWHRnzsnjbX8IaaEAvyrNhXcn/ER"},"_chains":{"BSr/va0V1PYEklz43hDw3/S+yhHKpoRYvA/nzemdZGt+":{"chainKey":{"counter":0,"key":"MqjEcUB4PkWxcuPzfV6eNJqaBYwu+gTr4tdY6RgAaMc="},"chainType":2,"messageKeys":{}},"Baxr2lQuWg+JjzfILl25PYpQxXRmb+ctgpVUubO/Ie12":{"chainKey":{"counter":-1,"key":"oxeA3NE6Sb9Gzd05IV8HfPL1hMbI8IJmb/h1ZmjdN0s="},"chainType":1,"messageKeys":{}}}}},"version":"v1"}