{"_sessions":{"BZ2AEdTh2ON0v/QaEK5yRnZCemsZ/wihKZxZ6cW0TBpK":{"registrationId":1059139621,"currentRatchet":{"ephemeralKeyPair":{"pubKey":"BesYdno61hY4RTJl0xpPEZthJXiCug5H0q299ikZQSU4","privKey":"SEotAvJ5O2159qb/ef1blqdpUa8nn332fiAwkTmUYXM="},"lastRemoteEphemeralKey":"BZXxc8xfv3UbVH5EvxngIQZKp2rJUTixbOjdbApzUwUU","previousCounter":0,"rootKey":"DoZBYoJvok6JNNxGr1vG40AOz50cfPhoBMqpJFraeus="},"indexInfo":{"baseKey":"BZ2AEdTh2ON0v/QaEK5yRnZCemsZ/wihKZxZ6cW0TBpK","baseKeyType":2,"closed":-1,"used":1756105300783,"created":1756105300783,"remoteIdentityKey":"BUaSIyx3FaJd4lTpRrTLwLD6o2TyWx99Llb8Jxw39Bpg"},"_chains":{"BZXxc8xfv3UbVH5EvxngIQZKp2rJUTixbOjdbApzUwUU":{"chainKey":{"counter":6,"key":"6ALRzoVwNuZmwtj48UOrtkD6P5GMuTDPeCjFeJDvLA8="},"chainType":2,"messageKeys":{"0":"H/9shIHE72rL3UEAMnUnCxp4Vfo8v7lj1vkQ3WqT5S0=","2":"9iBaXSPgJLJUDh/jA4nTZYcLn1Mp5gFoa60VTFZbW30=","3":"VJc7MzXKX0sMXFX7UhaUVtCz96vEpQSpcsdz4LpP5EU=","4":"M/nfd/tVogIPTXfdK+B1vU/fqnVcwMd2mNvfoTq9WF4="}},"BesYdno61hY4RTJl0xpPEZthJXiCug5H0q299ikZQSU4":{"chainKey":{"counter":-1,"key":"mR5qpmZZpRG8N0aRMiUyzV+t2AUfb/nYxGcHfseWrmI="},"chainType":1,"messageKeys":{}}}}},"version":"v1"}