{"_sessions":{"BRBPeWVVgRwGm/ZNU4rbydUfZipJFpAPiF3RgDT8viBd":{"registrationId":723195984,"currentRatchet":{"ephemeralKeyPair":{"pubKey":"Bc84+cslKDASBafw8JvVqqs9PM6ukPxJjnD4ulk1Fnhe","privKey":"EOvtafJfjMSjUB4m0ye6lUcJJDL3L38Lv0NfiNLrf24="},"lastRemoteEphemeralKey":"BSb0wWg6VE7T1xcE26LYNi1GHfcFXZY9JthshCmGJuZk","previousCounter":0,"rootKey":"MKkblL6CSCt8F8BlWc0UKhhIa4jNeot92suyRxIerAU="},"indexInfo":{"baseKey":"BRBPeWVVgRwGm/ZNU4rbydUfZipJFpAPiF3RgDT8viBd","baseKeyType":2,"closed":-1,"used":1756105291627,"created":1756105291627,"remoteIdentityKey":"BSC3VC00Ltxvnv+nrzCU9SYINCtygMkSeBxEEsmfrChm"},"_chains":{"BSb0wWg6VE7T1xcE26LYNi1GHfcFXZY9JthshCmGJuZk":{"chainKey":{"counter":0,"key":"mev9BfKfjeaDyovFsAvjYv8sH06c96zkYTy/2ZFofts="},"chainType":2,"messageKeys":{}},"Bc84+cslKDASBafw8JvVqqs9PM6ukPxJjnD4ulk1Fnhe":{"chainKey":{"counter":-1,"key":"yZ6awOoPZ6r9gn/4CdqTXva2KSFdeSo7EhCJFwpfZmA="},"chainType":1,"messageKeys":{}}}}},"version":"v1"}