{"_sessions":{"BbePotCUct5l0fZLb7sLBSy6pUlg21o0Xu5PtfT0oBwp":{"registrationId":1752281453,"currentRatchet":{"ephemeralKeyPair":{"pubKey":"BcnxXndAYHRUQqEH/UPp8gkKRXKXFoJZSavQFdk/QmxK","privKey":"QADJFvP9CL1HtNxDBffmD0t9MGUL87Nr5OWCuleUsm4="},"lastRemoteEphemeralKey":"Bdi0z1kAO2BN8LNjZ4Vx4eM/nHW8+iPMDl8ccjniyuBx","previousCounter":0,"rootKey":"IqFX5gI19wrRvkNiJyk3Ks9oQw7fImty3WyXCKxjKfo="},"indexInfo":{"baseKey":"BbePotCUct5l0fZLb7sLBSy6pUlg21o0Xu5PtfT0oBwp","baseKeyType":2,"closed":-1,"used":1756105308364,"created":1756105308364,"remoteIdentityKey":"BV1KNv4i7o3pnwYbI0ORNje5rP1/ORhzUHLOMaseoAsC"},"_chains":{"Bdi0z1kAO2BN8LNjZ4Vx4eM/nHW8+iPMDl8ccjniyuBx":{"chainKey":{"counter":0,"key":"qO2+jD2yBD74FJ5vV4tGW0gg19GjybP4JYQv1C0QzkQ="},"chainType":2,"messageKeys":{}},"BcnxXndAYHRUQqEH/UPp8gkKRXKXFoJZSavQFdk/QmxK":{"chainKey":{"counter":-1,"key":"uSUQw3JUYGXyetyNUYoYmf7QDbAXAyF/Y2q3aiqI4hc="},"chainType":1,"messageKeys":{}}}}},"version":"v1"}