{"_sessions":{"BdiRq8BHitW5eT2g390bA0sPZ0+0oURcopwlTLqhDQcZ":{"registrationId":1917449409,"currentRatchet":{"ephemeralKeyPair":{"pubKey":"BbQei2MFTedhBLCXn8ggIrorXKeG1LqYUmi1yYZYg3FG","privKey":"wIHaitS91J6qufK1wzgU7ZMZ/gqtYLEHdv7JUVqmdFA="},"lastRemoteEphemeralKey":"Ba2sZO2J2DsBmBr4y1bDwK0p5+G+u/35qvJTHdemyR0A","previousCounter":0,"rootKey":"Ak8KQ8Rv3IQC45q3ZZ+MGchN7bzu5GE4YI9rEbPc+Fc="},"indexInfo":{"baseKey":"BdiRq8BHitW5eT2g390bA0sPZ0+0oURcopwlTLqhDQcZ","baseKeyType":2,"closed":-1,"used":1756105290749,"created":1756105290749,"remoteIdentityKey":"BfsqOsRI5ydOkP/Uwk12xSNp0hCokNgTm3iQDS5nK8gr"},"_chains":{"Ba2sZO2J2DsBmBr4y1bDwK0p5+G+u/35qvJTHdemyR0A":{"chainKey":{"counter":0,"key":"fg39wSYHD39awDOZfLyigmSfA2vv0rv3cbi4HDwL9q8="},"chainType":2,"messageKeys":{}},"BbQei2MFTedhBLCXn8ggIrorXKeG1LqYUmi1yYZYg3FG":{"chainKey":{"counter":-1,"key":"cZe3u8W4UmWaSqfiVPJqcS9tqOpE2HpWWQ5doLMPfu0="},"chainType":1,"messageKeys":{}}}}},"version":"v1"}