{"_sessions":{"BZCvuoqQHA0Di1DqflnWZoyTefqHs0FLmue7bmN+CsU3":{"registrationId":2119872165,"currentRatchet":{"ephemeralKeyPair":{"pubKey":"Bd+t+wlRyD9oW6JaU7OittcO8ne/5OUjmqLjg2P9B9tp","privKey":"OBg0m1qRtdIlkhb2NcXxnlHyFZbjTRfe4jmS9J1ZfGo="},"lastRemoteEphemeralKey":"BQYkwYKH5g++j024Wyn/oFbk1CgWCjmLBH8dikpARwpe","previousCounter":0,"rootKey":"g7wMV2+PPArN2omybg58JZkIjuBF6F/OeifyrUqAlnc="},"indexInfo":{"baseKey":"BZCvuoqQHA0Di1DqflnWZoyTefqHs0FLmue7bmN+CsU3","baseKeyType":2,"closed":-1,"used":1756105290494,"created":1756105290494,"remoteIdentityKey":"BR9qNMhAaYscKHHDLF816iX+T1zvyf1kFCIuUPIq3bEh"},"_chains":{"BQYkwYKH5g++j024Wyn/oFbk1CgWCjmLBH8dikpARwpe":{"chainKey":{"counter":0,"key":"ZY1Y/KGq/2AZj3chny/Fonc69ZDDIFApkPchOJ8xoCQ="},"chainType":2,"messageKeys":{}},"Bd+t+wlRyD9oW6JaU7OittcO8ne/5OUjmqLjg2P9B9tp":{"chainKey":{"counter":-1,"key":"zB+VCryKtcIbLb9KjusWEdbtrOAxHESjPs+cD5sCFXI="},"chainType":1,"messageKeys":{}}}}},"version":"v1"}