{"_sessions":{"BQGUtpIN6vJ7FjWrB1QxiMZQQWyz5cMbmSjKf/VXZAEL":{"registrationId":2023651003,"currentRatchet":{"ephemeralKeyPair":{"pubKey":"BUTew89tuF7kA0IEFDR0OKpiu+VkH2Z+pXE5QXCaO7FM","privKey":"qAqOE2sMDqfMm8NqXM1h65Q3uWGAVCJJgj/xzXZZ01Y="},"lastRemoteEphemeralKey":"BVYy2Pbo23LcFJduruq8kzbai2J3AOp++Rk3+6wQ8/se","previousCounter":0,"rootKey":"tALwt1FRe7qtv018mtqDaO6CahWahdpgPVFMEbuE+k0="},"indexInfo":{"baseKey":"BQGUtpIN6vJ7FjWrB1QxiMZQQWyz5cMbmSjKf/VXZAEL","baseKeyType":2,"closed":-1,"used":1756105294221,"created":1756105294221,"remoteIdentityKey":"BVHv3bXcGIqDG3h3WIp9eGzo1ykr1hMZBIuY7l3FNK1+"},"_chains":{"BVYy2Pbo23LcFJduruq8kzbai2J3AOp++Rk3+6wQ8/se":{"chainKey":{"counter":1,"key":"T5cEdZ0CGTnR6h9qDS64dfhWf0t3uyldzuHNaXkXiUg="},"chainType":2,"messageKeys":{}},"BUTew89tuF7kA0IEFDR0OKpiu+VkH2Z+pXE5QXCaO7FM":{"chainKey":{"counter":-1,"key":"rWqU9LS49pagYZu6KbMzEGTPSh0Iu0lnpuDyAb3vWTI="},"chainType":1,"messageKeys":{}}}}},"version":"v1"}