{"_sessions":{"BTNmllwJUTMwfBoHE8ltqTRlsg6MXqyX/c8LbL8qGwBx":{"registrationId":112081008,"currentRatchet":{"ephemeralKeyPair":{"pubKey":"BYkIyll1XagLXIsssAm87zoc+tD/F0wDP8dwhBUaY69o","privKey":"yHSQw/Fk9tfOXlTbrnDMuUnelhmuNnHn0we7yclv4kQ="},"lastRemoteEphemeralKey":"BQgerZLDB1r7XnQsqgJ5uefcb0DitEuY7ZjyW3hp8R5X","previousCounter":0,"rootKey":"dp/wtSEVZUpJcpKzYyvPDumeALAgFXiRT8/OtstbVZg="},"indexInfo":{"baseKey":"BTNmllwJUTMwfBoHE8ltqTRlsg6MXqyX/c8LbL8qGwBx","baseKeyType":2,"closed":-1,"used":1756110825515,"created":1756110825515,"remoteIdentityKey":"BYqhsGbWe5njZwTZ9rZ3l3YIVURX05ogALBQsSakP0hz"},"_chains":{"BQgerZLDB1r7XnQsqgJ5uefcb0DitEuY7ZjyW3hp8R5X":{"chainKey":{"counter":0,"key":"/ixDpuW7lWBSVdTKPy6S/YXN48diJfsNLYCUW6pB6sc="},"chainType":2,"messageKeys":{}},"BYkIyll1XagLXIsssAm87zoc+tD/F0wDP8dwhBUaY69o":{"chainKey":{"counter":-1,"key":"12U03XvEzAVd63EI9p2HB9m1rQmhgiiqIwH8l2Q9XYU="},"chainType":1,"messageKeys":{}}}}},"version":"v1"}