{"_sessions":{"BdBHgXK8Lm7vODrsyCb1wGRR12Um4olMlTEKwkz9dS5m":{"registrationId":1356017943,"currentRatchet":{"ephemeralKeyPair":{"pubKey":"BSIe2sOaCxPSY5iQXhbzE1ibdwlNdeNptr+ivld1ud8q","privKey":"ePKdcZk5ilQlWObGSM3B77NAb8yuWsTHcHOz7zZkzEo="},"lastRemoteEphemeralKey":"BU1xQzPKSM7XxGQdyiQDkq/QW2lybZkhBMvzXE4FcERp","previousCounter":0,"rootKey":"QsD9Y19N5JMdEXZpKg4iJe+ZGrgcTHx9HmHmcsDxabo="},"indexInfo":{"baseKey":"BdBHgXK8Lm7vODrsyCb1wGRR12Um4olMlTEKwkz9dS5m","baseKeyType":2,"closed":-1,"used":1756105313295,"created":1756105313295,"remoteIdentityKey":"BcmYvoakAV+1ROZrxbPjDWGVkw3JWso9L0MhI9MmOQBS"},"_chains":{"BU1xQzPKSM7XxGQdyiQDkq/QW2lybZkhBMvzXE4FcERp":{"chainKey":{"counter":1,"key":"M5ByD1CYDQ+CfrfpkQF9kaSf8bouxvZOcQRBfXsACGg="},"chainType":2,"messageKeys":{}},"BSIe2sOaCxPSY5iQXhbzE1ibdwlNdeNptr+ivld1ud8q":{"chainKey":{"counter":-1,"key":"r+aTUJm0P85uwRNS3Fe1AnDAczOPyl4SKpdFjfSIBts="},"chainType":1,"messageKeys":{}}}}},"version":"v1"}