{"_sessions":{"BUn76cARA1rUcUbOEhhTHJpBpVGqieflvDaYX/JOLlR1":{"registrationId":673162698,"currentRatchet":{"ephemeralKeyPair":{"pubKey":"Be28GpbnEOr2teU/2uW/lASN/5pY97Mjg2t/4bW/shsg","privKey":"KDCyFcEY6Y0tYbh6B5insieJ+Wwe2Znma0TJ999Nu3E="},"lastRemoteEphemeralKey":"BWD6yBqunlYzRX5UTwCBTeWiL4yVoXTHlcZXCCaj3Ppy","previousCounter":0,"rootKey":"YeYLIo/qUH39bwx75GfAvat9uKPqJNqyG1coizkhMv0="},"indexInfo":{"baseKey":"BUn76cARA1rUcUbOEhhTHJpBpVGqieflvDaYX/JOLlR1","baseKeyType":2,"closed":-1,"used":1756105344435,"created":1756105344435,"remoteIdentityKey":"Be3QobeMTElEJzQ3rvSwwMZoxqQC1V8ePqMEi5TwsUMI"},"_chains":{"BWD6yBqunlYzRX5UTwCBTeWiL4yVoXTHlcZXCCaj3Ppy":{"chainKey":{"counter":0,"key":"IcfBT/mTfaTkgGU1425Ul2bf3FYQb5LP+O/hchRzVNU="},"chainType":2,"messageKeys":{}},"Be28GpbnEOr2teU/2uW/lASN/5pY97Mjg2t/4bW/shsg":{"chainKey":{"counter":-1,"key":"eG3G30P7Rj0kwBS+mfHlbd8az3ytjh4PkZHpFQtUN08="},"chainType":1,"messageKeys":{}}}}},"version":"v1"}