{"_sessions":{"BWT/u7k3EbN7NMTkiP67yQr2oFVUOQyKivxMdLUbs/5I":{"registrationId":123011378,"currentRatchet":{"ephemeralKeyPair":{"pubKey":"BSiubrbTlZJeMpTOcxIoED4MfULO1iQNM7dSi+Ch50Bt","privKey":"8IIetaE3Po4i1m3WoEVVAw6pQf2+cHWnrWJxzug9AFs="},"lastRemoteEphemeralKey":"BVzh0/PO/NeVczs1H0PI6IJK0AjXiw/GYh3cscOhW/Yg","previousCounter":0,"rootKey":"7X/r+YvEWz6KgMnY7GGBbeMKlGICX2OpEwtmJ/NlmD8="},"indexInfo":{"baseKey":"BWT/u7k3EbN7NMTkiP67yQr2oFVUOQyKivxMdLUbs/5I","baseKeyType":2,"closed":-1,"used":1756105295277,"created":1756105295277,"remoteIdentityKey":"BZwK6PHRZ4P7qBO9hllpprTC+mwH0TluhBLiyWqAPOgL"},"_chains":{"BVzh0/PO/NeVczs1H0PI6IJK0AjXiw/GYh3cscOhW/Yg":{"chainKey":{"counter":1,"key":"Tnb2eedLtyFSFmB2+U7N7KxR3bPBaIHhBalnbf+Hp3A="},"chainType":2,"messageKeys":{}},"BSiubrbTlZJeMpTOcxIoED4MfULO1iQNM7dSi+Ch50Bt":{"chainKey":{"counter":-1,"key":"XjNnEcchSavd0IwHRkPoJWwhzKHen5afqHfqZBk5CV8="},"chainType":1,"messageKeys":{}}}}},"version":"v1"}