{"_sessions":{"BTIzcYhoc9U3rkGvQHs4WEfDkb9Egu9U8dQh+1Mi2uxt":{"registrationId":1835568250,"currentRatchet":{"ephemeralKeyPair":{"pubKey":"BW7dyAf2k2yGKO2vmPnrqi4/daAPyQjaqjdztvoXl2In","privKey":"cGgIeTOHVZP5Wo8Ktq/SPJwU7xaamHMli0txZPIO1mI="},"lastRemoteEphemeralKey":"BUeQOSbUZ53yZ9yaB5CyZhzDNn7CTN4J3P1ageNLOgxK","previousCounter":0,"rootKey":"s485hf3zEK6fgu0fYPsU9JpZWFVuc6cWDMlZpg6uqQ4="},"indexInfo":{"baseKey":"BTIzcYhoc9U3rkGvQHs4WEfDkb9Egu9U8dQh+1Mi2uxt","baseKeyType":2,"closed":-1,"used":1756105312461,"created":1756105312461,"remoteIdentityKey":"BQJ4WmIb+gm0SktHygxp83K/kJlKuZiDJE9jFq75cj8J"},"_chains":{"BUeQOSbUZ53yZ9yaB5CyZhzDNn7CTN4J3P1ageNLOgxK":{"chainKey":{"counter":1,"key":"qPADsByyfvzdqRobWAbEDUl6EUWol6WlLnMnXSBkD4k="},"chainType":2,"messageKeys":{}},"BW7dyAf2k2yGKO2vmPnrqi4/daAPyQjaqjdztvoXl2In":{"chainKey":{"counter":-1,"key":"PBJAdXUGuvpg3BVpNsPRk6Xc2bANU51BdIDFKID5fBM="},"chainType":1,"messageKeys":{}}}}},"version":"v1"}