{"_sessions":{"BcPzowjHGT2oQlLLFSnBNWseqTpwNUOc674IaALfK9lg":{"registrationId":594939376,"currentRatchet":{"ephemeralKeyPair":{"pubKey":"BVd4aaN8pdZYLLqJSuIIDcy3avRSrrYWZioo01zUD15M","privKey":"OFsIPedHUJ8oomrfu8uzBiNTyLR0a6ZnEXcJROovdXE="},"lastRemoteEphemeralKey":"BUSFEqDX4im1EO2+0ST3eGFIxdpVrN6n2xOPjXXowOhI","previousCounter":0,"rootKey":"5GkZbRuLulQPnIuRIIQy/HzQ+Og6LMkD68m8ssoZxAI="},"indexInfo":{"baseKey":"BcPzowjHGT2oQlLLFSnBNWseqTpwNUOc674IaALfK9lg","baseKeyType":2,"closed":-1,"used":1756105322002,"created":1756105322002,"remoteIdentityKey":"BeUABSdGGgI5Ud5pKjZwrPlFCRLAa5zzYf9Tn/DtW3oL"},"_chains":{"BUSFEqDX4im1EO2+0ST3eGFIxdpVrN6n2xOPjXXowOhI":{"chainKey":{"counter":0,"key":"odpxPqi8+LzFX1NJMjKmy5+iKPffYTb8d5seyqAuZtg="},"chainType":2,"messageKeys":{}},"BVd4aaN8pdZYLLqJSuIIDcy3avRSrrYWZioo01zUD15M":{"chainKey":{"counter":-1,"key":"Q1qdhdQN2YTOJNVVhZawAH9OfxdvRoopE7RlrAaCJb8="},"chainType":1,"messageKeys":{}}}}},"version":"v1"}