{"_sessions":{"Bb5LN7q+6ckMNVthy9rj0q+KJI6mjEa4pnNQSSIUUKIx":{"registrationId":445282413,"currentRatchet":{"ephemeralKeyPair":{"pubKey":"BZjB42f9CMKFZfAUtha63537D6wOSSLgOP1233N0xhde","privKey":"IHmmhzs3HaWgnIBc1ZCBZzqQTGKQQlrjIP1I48qy2VE="},"lastRemoteEphemeralKey":"BaJNNFL0oSoS2TxtypkEHSTNZu6kSzvcfBk00B5XE7ZZ","previousCounter":0,"rootKey":"sPjEIbCVzMgd4zcdnTjvDo2B8a2A/ffj7EAGAPI5t7Q="},"indexInfo":{"baseKey":"Bb5LN7q+6ckMNVthy9rj0q+KJI6mjEa4pnNQSSIUUKIx","baseKeyType":2,"closed":1756110862674,"used":1755954641658,"created":1755954641658,"remoteIdentityKey":"BdL3RDoXApgp9S2hmeBGdsVRM/QAeO6roH7Z06ji7ItD"},"_chains":{"BaJNNFL0oSoS2TxtypkEHSTNZu6kSzvcfBk00B5XE7ZZ":{"chainKey":{"counter":52,"key":"FAC68zn1S5utFzmcR49z7fYJf4CQ8YX1JqiG0C4jQHg="},"chainType":2,"messageKeys":{"25":"Y1yJ5vxYwcy8ScA4blpl+HZGlq/3s8OzXQKY+o72PAg=","26":"VAarWfJkFQoJDwEncvYc73aYmz5GJV+LJOeDcrYleNg=","27":"cvRGOU7Ltky4VHLmUjtZGfs5ol6BpYE21QB8lr8l5kU=","29":"6tdujQUWYtGl+9cccwb2F5ARH6YU+sZGvapYNbsGUjk=","34":"lo4N1suyMzqsB1Ipz5LOdFa4amOW82LOt3KvtCmeYGo=","35":"gQmhAB/G6P0E5OJ0X1tJQ4FoovVVnC79pfeJ+qdnh8M=","36":"aqQwF9UmDUzdVfzbqtv7J07I1jV6LfuxKwsQvKRkT0A=","37":"AR+iu6/aq9ig5O3a0EXWiwIPBEijNimmHqbrIsSmL2o=","38":"JsDfyrQn2A3EiXPu1LhCtmX6x7M1W0jqmbUtD0PhgJU=","50":"BevMc6sIBZV0p1qPPenkS1s/wKRAtN1lJNv1dH7Yhrs="}},"BZjB42f9CMKFZfAUtha63537D6wOSSLgOP1233N0xhde":{"chainKey":{"counter":-1,"key":"AViFGv8XeLIjhmYxppTOdp7Y4PNXURQaJXTluz23p3w="},"chainType":1,"messageKeys":{}}}},"BSvbQ8yCDyrs0rE+r3+Xy5AlVj+hlx6JhLYmQJqUchNb":{"registrationId":445282413,"currentRatchet":{"ephemeralKeyPair":{"pubKey":"BeHCPYyp4gW2x/AZGMzTbaWiaqatlrScbFXW+hucHU4B","privKey":"kDP00hI2ewDjV9ugUXBHZHKq6uUtdVdQbrxsUlBjWXk="},"lastRemoteEphemeralKey":"BVK79Nfsj25SzJiwxkowsFsLDrZepZx9vV/MWQZIPpVA","previousCounter":0,"rootKey":"sd3afTAb1ooPS6VPfWigLhI97gjhm7KJYJg/bEbNRf0="},"indexInfo":{"baseKey":"BSvbQ8yCDyrs0rE+r3+Xy5AlVj+hlx6JhLYmQJqUchNb","baseKeyType":2,"closed":-1,"used":1756110862677,"created":1756110862677,"remoteIdentityKey":"BdL3RDoXApgp9S2hmeBGdsVRM/QAeO6roH7Z06ji7ItD"},"_chains":{"BVK79Nfsj25SzJiwxkowsFsLDrZepZx9vV/MWQZIPpVA":{"chainKey":{"counter":0,"key":"CnpKHdjYAKs4vrFBHVnPCGWACKixOMPIxn7f+oULBNw="},"chainType":2,"messageKeys":{}},"BeHCPYyp4gW2x/AZGMzTbaWiaqatlrScbFXW+hucHU4B":{"chainKey":{"counter":-1,"key":"eLNbw8jpFwstx4S+PsCB0sZERR6j5UADwceeT+WEMyc="},"chainType":1,"messageKeys":{}}}}},"version":"v1"}