{"_sessions":{"BapuS7mw7va9l1T6qL7nenOmcGAU3DEJImHzQ77ZQNxk":{"registrationId":2098359172,"currentRatchet":{"ephemeralKeyPair":{"pubKey":"BZD9WYb3zHuv05KdELFWuUZaQpnjuZ4cH62FUio5JDZI","privKey":"sAplhXLWlgO1zIBI7n0f/R61Y5gB1kuumb3GO0wmx3Q="},"lastRemoteEphemeralKey":"BRCwuhK9SfrGK4TTsKEyLsdY8YODdOSKAg2wOouMm4tL","previousCounter":0,"rootKey":"iwSqtq+ZzwMqC+RgqrzaFNED7hSWL+BQ43DTowhVz0Y="},"indexInfo":{"baseKey":"BapuS7mw7va9l1T6qL7nenOmcGAU3DEJImHzQ77ZQNxk","baseKeyType":2,"closed":-1,"used":1756105297164,"created":1756105297164,"remoteIdentityKey":"BTYpgpV2yscns3oxxWmDpsg2AimVNmxy+ANMjWKsiTgP"},"_chains":{"BRCwuhK9SfrGK4TTsKEyLsdY8YODdOSKAg2wOouMm4tL":{"chainKey":{"counter":1,"key":"OfKT0ad9z4bYFXb/8qz/9/vzCkFzjbSaVSbwXgSQnxE="},"chainType":2,"messageKeys":{}},"BZD9WYb3zHuv05KdELFWuUZaQpnjuZ4cH62FUio5JDZI":{"chainKey":{"counter":-1,"key":"OfDk2wjqHtFS0AwPc/I8vp3FPWiIkQXVSp/MWEtb1nU="},"chainType":1,"messageKeys":{}}}}},"version":"v1"}