{"_sessions":{"Bb0xvXPOQHbXGAo7k2cGu128VEbHAcgERxT6djRozbN8":{"registrationId":1668364913,"currentRatchet":{"ephemeralKeyPair":{"pubKey":"BXHv7K5wW4fFzLICuD8HrEgrGk0equvUykNyfXux1kZH","privKey":"CH3wW55tDO2OZb5O1C0/OGYWh0EUJOINUnB3SvdNNmw="},"lastRemoteEphemeralKey":"BcbHWaWh3LH5p4sBs3Klq1cJDbq9/+HtKfcjbvxZxhd3","previousCounter":0,"rootKey":"KYHluCq5be7geZRU+5oLp5JUZ/hmKjBsV8tmqB1rHh4="},"indexInfo":{"baseKey":"Bb0xvXPOQHbXGAo7k2cGu128VEbHAcgERxT6djRozbN8","baseKeyType":2,"closed":1755954758637,"used":1755953090291,"created":1755953090291,"remoteIdentityKey":"BVdF3eNbBYsBKvzchYYaROHrIUn8iLDCFQWgFeRsjUID"},"_chains":{"BcbHWaWh3LH5p4sBs3Klq1cJDbq9/+HtKfcjbvxZxhd3":{"chainKey":{"counter":2,"key":"osz/pnpTb1jA3hPpekOdUHD/rJtjK+3KBVYS9pXIXLw="},"chainType":2,"messageKeys":{}},"BXHv7K5wW4fFzLICuD8HrEgrGk0equvUykNyfXux1kZH":{"chainKey":{"counter":-1,"key":"3K1VSQpmSEQoB52itthfMLWXoblphxh6QPZTGWEZuCA="},"chainType":1,"messageKeys":{}}}},"BYK7sTIqGOb6LdWUpFIg6k3qBpfNuw17YW3Gh6rnYEl2":{"registrationId":1668364913,"currentRatchet":{"ephemeralKeyPair":{"pubKey":"BV/7M5XL9b7b5AaiuCY2fy6ffAUTKf7QDFjikj3IuW48","privKey":"uFgtxcpuM40VfeNSj+OEwUrlSJqPmZzXzNOOK/gR2mI="},"lastRemoteEphemeralKey":"Bf0iBiN41TPKRy4Jv4eobky93Ii58rqD0LyZ4077vmtt","previousCounter":0,"rootKey":"DwifoxPc7wMEStH4kRqFISnwUzKwl5vJguldm00PraA="},"indexInfo":{"baseKey":"BYK7sTIqGOb6LdWUpFIg6k3qBpfNuw17YW3Gh6rnYEl2","baseKeyType":2,"closed":1756110863350,"used":1755954758646,"created":1755954758646,"remoteIdentityKey":"BVdF3eNbBYsBKvzchYYaROHrIUn8iLDCFQWgFeRsjUID"},"_chains":{"Bf0iBiN41TPKRy4Jv4eobky93Ii58rqD0LyZ4077vmtt":{"chainKey":{"counter":57,"key":"qVZwWYVZ3B3ICNVathdWECNOnKRA0289EZpIWm9BCKc="},"chainType":2,"messageKeys":{"12":"bJoR4KQ16hXLFQ9Z3Puf7CSHXRzIodmEOlv7OyJ993Y=","14":"ghMmxr3vv4Ux/u+vIk1z6ASKXNOlT6Ri1EVn0jjKcac=","33":"VSKpgtSNg84wiHfZ/QUgFpIwPmNt4WxWSwrAa0LQIxE="}},"BV/7M5XL9b7b5AaiuCY2fy6ffAUTKf7QDFjikj3IuW48":{"chainKey":{"counter":-1,"key":"AvDXCpqNK6VM8gxD5x2y6cBPP7UEG4gy1mhxkVwk2iQ="},"chainType":1,"messageKeys":{}}}},"BbsEgq9AFndn0AOhlBvN/ndHxeO05W0uECkJFWyfhjlA":{"registrationId":1668364913,"currentRatchet":{"ephemeralKeyPair":{"pubKey":"BbQqDawdouwPVxvsum9W6ZYuuSyI9VDr18m31Qm0gRUw","privKey":"wM/Pgo2SR+3KWD7gZozIBpWagp1R12rxbm9SeZqT53c="},"lastRemoteEphemeralKey":"BTYvwhHt0SY8eOMnkFzN8rMQP4H3dMQNNgeJkB2+yY9O","previousCounter":0,"rootKey":"29dBTEDZZKnIgbd5+ICgbUZ0G4qK0nGUSjR7/0obiy8="},"indexInfo":{"baseKey":"BbsEgq9AFndn0AOhlBvN/ndHxeO05W0uECkJFWyfhjlA","baseKeyType":2,"closed":-1,"used":1756110863355,"created":1756110863355,"remoteIdentityKey":"BVdF3eNbBYsBKvzchYYaROHrIUn8iLDCFQWgFeRsjUID"},"_chains":{"BTYvwhHt0SY8eOMnkFzN8rMQP4H3dMQNNgeJkB2+yY9O":{"chainKey":{"counter":1,"key":"u/R00hMlE2zgEuGBC22R+LRraXUFxZkVsknYGx6J46w="},"chainType":2,"messageKeys":{}},"BbQqDawdouwPVxvsum9W6ZYuuSyI9VDr18m31Qm0gRUw":{"chainKey":{"counter":-1,"key":"yGmRhYXne6lqGGNduIyJnpHNdHpX7n4oQHHG8Mod4Ms="},"chainType":1,"messageKeys":{}}}}},"version":"v1"}