{"_sessions":{"BY8vdxS/3yOnTTLkse09NzQjniQDaAcC516VfV/1y4RU":{"registrationId":2123727280,"currentRatchet":{"ephemeralKeyPair":{"pubKey":"Bd3Bwc+YzgANsr6ux1WvAnjUBLfwrXOXWUet3eGKdX0g","privKey":"CPS5J9RDmw8gp4i72WviroLdsk0+qXZ4Mq9jmIwFVWo="},"lastRemoteEphemeralKey":"Ba7uCTjdkCmO9pnsoaYyVYPMx0mdR7/Gslnz5yP88HVr","previousCounter":0,"rootKey":"K3TMkggNNFRu9anu8kfWEy4gC30NulUBAOv20M1tszA="},"indexInfo":{"baseKey":"BY8vdxS/3yOnTTLkse09NzQjniQDaAcC516VfV/1y4RU","baseKeyType":2,"closed":-1,"used":1756105304314,"created":1756105304314,"remoteIdentityKey":"BZG8O6TvA19/97zm0+ZOfC/FswaAFfpr2s6XBwNuLG1F"},"_chains":{"Ba7uCTjdkCmO9pnsoaYyVYPMx0mdR7/Gslnz5yP88HVr":{"chainKey":{"counter":1,"key":"FuYMY0IDOWTzqpGolzbLDTcEXRcwm557s34KtUqnRGk="},"chainType":2,"messageKeys":{}},"Bd3Bwc+YzgANsr6ux1WvAnjUBLfwrXOXWUet3eGKdX0g":{"chainKey":{"counter":-1,"key":"cR6965SqYOgHEJsRWw2cCuh63twOYXnulDjyciioQsg="},"chainType":1,"messageKeys":{}}}}},"version":"v1"}