{"_sessions":{"BaK7ZQ2kUKxkZP2ngm3XAQq8V4LCmzguMUFD3omurYgI":{"registrationId":1036728927,"currentRatchet":{"ephemeralKeyPair":{"pubKey":"BerB2jUDUA3HfE696ch4IGX9y2kUHpvfj9p6kzRaLt4K","privKey":"SBQv5jewISaX0X8nH6wPae/5+mT6PyDIrOGCN3ezOE8="},"lastRemoteEphemeralKey":"BRmmFgTO35KsX/xQAv6sklsBA34ua88pJAhz6vhOGEJ0","previousCounter":0,"rootKey":"rJaxlTVZ/5Hw0oxN2xzLWo2+4zfLvBRxDCaw8nBC+Es="},"indexInfo":{"baseKey":"BaK7ZQ2kUKxkZP2ngm3XAQq8V4LCmzguMUFD3omurYgI","baseKeyType":2,"closed":-1,"used":1756105334059,"created":1756105334059,"remoteIdentityKey":"BYtdWh+HJMZG+Kdh5TQHoXidSD9dzDQXK/4VIYpt2vNa"},"_chains":{"BRmmFgTO35KsX/xQAv6sklsBA34ua88pJAhz6vhOGEJ0":{"chainKey":{"counter":0,"key":"V2PXMgFcy/st+/yAxMNHEaDy/lteBV3ZRTN11F47Oyw="},"chainType":2,"messageKeys":{}},"BerB2jUDUA3HfE696ch4IGX9y2kUHpvfj9p6kzRaLt4K":{"chainKey":{"counter":-1,"key":"/VCsCfzJXGO/rNKEfm6xxYJZc3LZeH5OXZ3UuN+4GPo="},"chainType":1,"messageKeys":{}}}}},"version":"v1"}