{"_sessions":{"BRpQM4QLIaopaGnXgT0LIC3J7X3Yn1xl5u33AYM5prI/":{"registrationId":616561824,"currentRatchet":{"ephemeralKeyPair":{"pubKey":"BUXx5XQsCNc4hIhnTidj4N6tuxM4sgFgYry+JxOH0m9e","privKey":"AFpLG6K3JujQIZz3pgUSserpx1TbObebdHcRIu2RWWw="},"lastRemoteEphemeralKey":"BWTj5DpmvT+gL6w7TCKEZU9USCqDt8nZdp1CEREEwCxG","previousCounter":0,"rootKey":"l+UQLKLGARTmnMfjsKfDvV9tATZFMUGknC3mMIQIktY="},"indexInfo":{"baseKey":"BRpQM4QLIaopaGnXgT0LIC3J7X3Yn1xl5u33AYM5prI/","baseKeyType":2,"closed":-1,"used":1756105309286,"created":1756105309286,"remoteIdentityKey":"Bdq/rK03LiWkOqiNiNzjOkrf8qxJbHJXO6/YQG2vCEli"},"_chains":{"BWTj5DpmvT+gL6w7TCKEZU9USCqDt8nZdp1CEREEwCxG":{"chainKey":{"counter":0,"key":"NNTITZmeaYJimsFudqVP/2NS5dbb/Ty7Z2stnEXPvwM="},"chainType":2,"messageKeys":{}},"BUXx5XQsCNc4hIhnTidj4N6tuxM4sgFgYry+JxOH0m9e":{"chainKey":{"counter":-1,"key":"63/ZVxw9dUXjHqMwJR5fsaN8LUp/G5aWsweli7qu+8U="},"chainType":1,"messageKeys":{}}}}},"version":"v1"}